portfolio_scope,fit_provenance,fit_end,as_of_month,published_quarter,unemployment_rate,house_price_index,hpi_change_yoy,within_published_window,unemployment_change_3m,unemployment_rate_lag_1,unemployment_change_3m_lag_1,hpi_change_yoy_lag_1,unemployment_rate_lag_3,unemployment_change_3m_lag_3,hpi_change_yoy_lag_3,unemployment_rate_lag_6,unemployment_change_3m_lag_6,hpi_change_yoy_lag_6,scenario
"Local synthetic portfolio (25,000 loans)",production_full_history,full_available_history,2019-01-01,2019Q1,3.7,207.0,0.04020100502512558,True,-1.5890165710235529,5.26251369176064,0.0678342072911784,0.0409741572863872,5.289016571023553,0.1203145232618521,0.0610305255420792,5.168702047761701,0.06392753814730678,0.0446066410194316,baseline
"Local synthetic portfolio (25,000 loans)",production_full_history,full_available_history,2019-02-01,2019Q1,3.7,207.0,0.04020100502512558,True,-1.616855954105863,3.7,-1.5890165710235529,0.04020100502512558,5.316855954105863,0.16219983368663637,0.0578212674869129,5.154656120419227,0.014263149501918093,0.0587016716635857,baseline
"Local synthetic portfolio (25,000 loans)",production_full_history,full_available_history,2019-03-01,2019Q1,3.7,207.0,0.04020100502512558,True,-1.56251369176064,3.7,-1.616855954105863,0.04020100502512558,5.26251369176064,0.0678342072911784,0.0409741572863872,5.194679484469462,0.02248485315933557,0.0531317086034572,baseline
"Local synthetic portfolio (25,000 loans)",production_full_history,full_available_history,2019-04-01,2019Q2,3.6,208.0,0.02970297029702973,True,-0.10000000000000009,3.7,-1.56251369176064,0.04020100502512558,3.7,-1.5890165710235529,0.04020100502512558,5.289016571023553,0.1203145232618521,0.0610305255420792,baseline
"Local synthetic portfolio (25,000 loans)",production_full_history,full_available_history,2019-05-01,2019Q2,3.6,208.0,0.02970297029702973,True,-0.10000000000000009,3.6,-0.10000000000000009,0.02970297029702973,3.7,-1.616855954105863,0.04020100502512558,5.316855954105863,0.16219983368663637,0.0578212674869129,baseline
"Local synthetic portfolio (25,000 loans)",production_full_history,full_available_history,2019-06-01,2019Q2,3.6,208.0,0.02970297029702973,True,-0.10000000000000009,3.6,-0.10000000000000009,0.02970297029702973,3.7,-1.56251369176064,0.04020100502512558,5.26251369176064,0.0678342072911784,0.0409741572863872,baseline
"Local synthetic portfolio (25,000 loans)",production_full_history,full_available_history,2019-07-01,2019Q3,3.6,209.0,0.02450980392156854,True,0.0,3.6,-0.10000000000000009,0.02970297029702973,3.6,-0.10000000000000009,0.02970297029702973,3.7,-1.5890165710235529,0.04020100502512558,baseline
"Local synthetic portfolio (25,000 loans)",production_full_history,full_available_history,2019-08-01,2019Q3,3.6,209.0,0.02450980392156854,True,0.0,3.6,0.0,0.02450980392156854,3.6,-0.10000000000000009,0.02970297029702973,3.7,-1.616855954105863,0.04020100502512558,baseline
"Local synthetic portfolio (25,000 loans)",production_full_history,full_available_history,2019-09-01,2019Q3,3.6,209.0,0.02450980392156854,True,0.0,3.6,0.0,0.02450980392156854,3.6,-0.10000000000000009,0.02970297029702973,3.7,-1.56251369176064,0.04020100502512558,baseline
"Local synthetic portfolio (25,000 loans)",production_full_history,full_available_history,2019-10-01,2019Q4,3.6,210.0,0.024390243902439046,True,0.0,3.6,0.0,0.02450980392156854,3.6,0.0,0.02450980392156854,3.6,-0.10000000000000009,0.02970297029702973,baseline
"Local synthetic portfolio (25,000 loans)",production_full_history,full_available_history,2019-11-01,2019Q4,3.6,210.0,0.024390243902439046,True,0.0,3.6,0.0,0.024390243902439046,3.6,0.0,0.02450980392156854,3.6,-0.10000000000000009,0.02970297029702973,baseline
"Local synthetic portfolio (25,000 loans)",production_full_history,full_available_history,2019-12-01,2019Q4,3.6,210.0,0.024390243902439046,True,0.0,3.6,0.0,0.024390243902439046,3.6,0.0,0.02450980392156854,3.6,-0.10000000000000009,0.02970297029702973,baseline
"Local synthetic portfolio (25,000 loans)",production_full_history,full_available_history,2020-01-01,2020Q1,3.6,212.0,0.024154589371980784,True,0.0,3.6,0.0,0.024390243902439046,3.6,0.0,0.024390243902439046,3.6,0.0,0.02450980392156854,baseline
"Local synthetic portfolio (25,000 loans)",production_full_history,full_available_history,2020-02-01,2020Q1,3.6,212.0,0.024154589371980784,True,0.0,3.6,0.0,0.024154589371980784,3.6,0.0,0.024390243902439046,3.6,0.0,0.02450980392156854,baseline
"Local synthetic portfolio (25,000 loans)",production_full_history,full_available_history,2020-03-01,2020Q1,3.6,212.0,0.024154589371980784,True,0.0,3.6,0.0,0.024154589371980784,3.6,0.0,0.024390243902439046,3.6,0.0,0.02450980392156854,baseline
"Local synthetic portfolio (25,000 loans)",production_full_history,full_available_history,2020-04-01,2020Q2,3.6,213.0,0.024038461538461453,True,0.0,3.6,0.0,0.024154589371980784,3.6,0.0,0.024154589371980784,3.6,0.0,0.024390243902439046,baseline
"Local synthetic portfolio (25,000 loans)",production_full_history,full_available_history,2020-05-01,2020Q2,3.6,213.0,0.024038461538461453,True,0.0,3.6,0.0,0.024038461538461453,3.6,0.0,0.024154589371980784,3.6,0.0,0.024390243902439046,baseline
"Local synthetic portfolio (25,000 loans)",production_full_history,full_available_history,2020-06-01,2020Q2,3.6,213.0,0.024038461538461453,True,0.0,3.6,0.0,0.024038461538461453,3.6,0.0,0.024154589371980784,3.6,0.0,0.024390243902439046,baseline
"Local synthetic portfolio (25,000 loans)",production_full_history,full_available_history,2020-07-01,2020Q3,3.7,214.0,0.02392344497607657,True,0.10000000000000009,3.6,0.0,0.024038461538461453,3.6,0.0,0.024038461538461453,3.6,0.0,0.024154589371980784,baseline
"Local synthetic portfolio (25,000 loans)",production_full_history,full_available_history,2020-08-01,2020Q3,3.7,214.0,0.02392344497607657,True,0.10000000000000009,3.7,0.10000000000000009,0.02392344497607657,3.6,0.0,0.024038461538461453,3.6,0.0,0.024154589371980784,baseline
"Local synthetic portfolio (25,000 loans)",production_full_history,full_available_history,2020-09-01,2020Q3,3.7,214.0,0.02392344497607657,True,0.10000000000000009,3.7,0.10000000000000009,0.02392344497607657,3.6,0.0,0.024038461538461453,3.6,0.0,0.024154589371980784,baseline
"Local synthetic portfolio (25,000 loans)",production_full_history,full_available_history,2020-10-01,2020Q4,3.8,216.0,0.02857142857142847,True,0.09999999999999964,3.7,0.10000000000000009,0.02392344497607657,3.7,0.10000000000000009,0.02392344497607657,3.6,0.0,0.024038461538461453,baseline
"Local synthetic portfolio (25,000 loans)",production_full_history,full_available_history,2020-11-01,2020Q4,3.8,216.0,0.02857142857142847,True,0.09999999999999964,3.8,0.09999999999999964,0.02857142857142847,3.7,0.10000000000000009,0.02392344497607657,3.6,0.0,0.024038461538461453,baseline
"Local synthetic portfolio (25,000 loans)",production_full_history,full_available_history,2020-12-01,2020Q4,3.8,216.0,0.02857142857142847,True,0.09999999999999964,3.8,0.09999999999999964,0.02857142857142847,3.7,0.10000000000000009,0.02392344497607657,3.6,0.0,0.024038461538461453,baseline
"Local synthetic portfolio (25,000 loans)",production_full_history,full_available_history,2021-01-01,2021Q1,3.9,217.0,0.02358490566037741,True,0.10000000000000009,3.8,0.09999999999999964,0.02857142857142847,3.8,0.09999999999999964,0.02857142857142847,3.7,0.10000000000000009,0.02392344497607657,baseline
"Local synthetic portfolio (25,000 loans)",production_full_history,full_available_history,2021-02-01,2021Q1,3.9,217.0,0.02358490566037741,True,0.10000000000000009,3.9,0.10000000000000009,0.02358490566037741,3.8,0.09999999999999964,0.02857142857142847,3.7,0.10000000000000009,0.02392344497607657,baseline
"Local synthetic portfolio (25,000 loans)",production_full_history,full_available_history,2021-03-01,2021Q1,3.9,217.0,0.02358490566037741,True,0.10000000000000009,3.9,0.10000000000000009,0.02358490566037741,3.8,0.09999999999999964,0.02857142857142847,3.7,0.10000000000000009,0.02392344497607657,baseline
"Local synthetic portfolio (25,000 loans)",production_full_history,full_available_history,2021-04-01,2021Q2,4.0,219.0,0.028169014084507005,True,0.10000000000000009,3.9,0.10000000000000009,0.02358490566037741,3.9,0.10000000000000009,0.02358490566037741,3.8,0.09999999999999964,0.02857142857142847,baseline
"Local synthetic portfolio (25,000 loans)",production_full_history,full_available_history,2021-05-01,2021Q2,4.0,219.0,0.028169014084507005,True,0.10000000000000009,4.0,0.10000000000000009,0.028169014084507005,3.9,0.10000000000000009,0.02358490566037741,3.8,0.09999999999999964,0.02857142857142847,baseline
"Local synthetic portfolio (25,000 loans)",production_full_history,full_available_history,2021-06-01,2021Q2,4.0,219.0,0.028169014084507005,True,0.10000000000000009,4.0,0.10000000000000009,0.028169014084507005,3.9,0.10000000000000009,0.02358490566037741,3.8,0.09999999999999964,0.02857142857142847,baseline
"Local synthetic portfolio (25,000 loans)",production_full_history,full_available_history,2021-07-01,2021Q3,4.0,221.0,0.032710280373831724,True,0.0,4.0,0.10000000000000009,0.028169014084507005,4.0,0.10000000000000009,0.028169014084507005,3.9,0.10000000000000009,0.02358490566037741,baseline
"Local synthetic portfolio (25,000 loans)",production_full_history,full_available_history,2021-08-01,2021Q3,4.0,221.0,0.032710280373831724,True,0.0,4.0,0.0,0.032710280373831724,4.0,0.10000000000000009,0.028169014084507005,3.9,0.10000000000000009,0.02358490566037741,baseline
"Local synthetic portfolio (25,000 loans)",production_full_history,full_available_history,2021-09-01,2021Q3,4.0,221.0,0.032710280373831724,True,0.0,4.0,0.0,0.032710280373831724,4.0,0.10000000000000009,0.028169014084507005,3.9,0.10000000000000009,0.02358490566037741,baseline
"Local synthetic portfolio (25,000 loans)",production_full_history,full_available_history,2021-10-01,2021Q4,4.0,222.0,0.02777777777777768,True,0.0,4.0,0.0,0.032710280373831724,4.0,0.0,0.032710280373831724,4.0,0.10000000000000009,0.028169014084507005,baseline
"Local synthetic portfolio (25,000 loans)",production_full_history,full_available_history,2021-11-01,2021Q4,4.0,222.0,0.02777777777777768,True,0.0,4.0,0.0,0.02777777777777768,4.0,0.0,0.032710280373831724,4.0,0.10000000000000009,0.028169014084507005,baseline
"Local synthetic portfolio (25,000 loans)",production_full_history,full_available_history,2021-12-01,2021Q4,4.0,222.0,0.02777777777777768,True,0.0,4.0,0.0,0.02777777777777768,4.0,0.0,0.032710280373831724,4.0,0.10000000000000009,0.028169014084507005,baseline
"Local synthetic portfolio (25,000 loans)",production_full_history,full_available_history,2022-01-01,2022Q1,4.1,224.0,0.032258064516129004,True,0.09999999999999964,4.0,0.0,0.02777777777777768,4.0,0.0,0.02777777777777768,4.0,0.0,0.032710280373831724,baseline
"Local synthetic portfolio (25,000 loans)",production_full_history,full_available_history,2022-02-01,2022Q1,4.1,224.0,0.032258064516129004,True,0.09999999999999964,4.1,0.09999999999999964,0.032258064516129004,4.0,0.0,0.02777777777777768,4.0,0.0,0.032710280373831724,baseline
"Local synthetic portfolio (25,000 loans)",production_full_history,full_available_history,2022-03-01,2022Q1,4.1,224.0,0.032258064516129004,True,0.09999999999999964,4.1,0.09999999999999964,0.032258064516129004,4.0,0.0,0.02777777777777768,4.0,0.0,0.032710280373831724,baseline
"Local synthetic portfolio (25,000 loans)",production_full_history,full_available_history,2022-04-01,,4.119927641192476,,0.03219378180260489,False,0.01992764119247603,4.1,0.09999999999999964,0.032258064516129004,4.1,0.09999999999999964,0.032258064516129004,4.0,0.0,0.02777777777777768,baseline
"Local synthetic portfolio (25,000 loans)",production_full_history,full_available_history,2022-05-01,,4.1392879811228145,,0.03213132909315218,False,0.03928798112281484,4.119927641192476,0.01992764119247603,0.03219378180260489,4.1,0.09999999999999964,0.032258064516129004,4.0,0.0,0.02777777777777768,baseline
"Local synthetic portfolio (25,000 loans)",production_full_history,full_available_history,2022-06-01,,4.15809716975673,,0.032070654291107295,False,0.058097169756730516,4.1392879811228145,0.03928798112281484,0.03213132909315218,4.1,0.09999999999999964,0.032258064516129004,4.0,0.0,0.02777777777777768,baseline
"Local synthetic portfolio (25,000 loans)",production_full_history,full_available_history,2022-07-01,,4.176370897301762,,0.03201170678289751,False,0.056443256109286466,4.15809716975673,0.058097169756730516,0.032070654291107295,4.119927641192476,0.01992764119247603,0.03219378180260489,4.1,0.09999999999999964,0.032258064516129004,baseline
"Local synthetic portfolio (25,000 loans)",production_full_history,full_available_history,2022-08-01,,4.1941244072957,,0.031954437395820295,False,0.05483642617288531,4.176370897301762,0.056443256109286466,0.03201170678289751,4.1392879811228145,0.03928798112281484,0.03213132909315218,4.1,0.09999999999999964,0.032258064516129004,baseline
"Local synthetic portfolio (25,000 loans)",production_full_history,full_available_history,2022-09-01,,4.211372509322399,,0.03189879835702449,False,0.0532753395656691,4.1941244072957,0.05483642617288531,0.031954437395820295,4.15809716975673,0.058097169756730516,0.032070654291107295,4.1,0.09999999999999964,0.032258064516129004,baseline
"Local synthetic portfolio (25,000 loans)",production_full_history,full_available_history,2022-10-01,,4.228129591365615,,0.03184474325365928,False,0.05175869406385303,4.211372509322399,0.0532753395656691,0.03189879835702449,4.176370897301762,0.056443256109286466,0.03201170678289751,4.119927641192476,0.01992764119247603,0.03219378180260489,baseline
"Local synthetic portfolio (25,000 loans)",production_full_history,full_available_history,2022-11-01,,4.24440963181113,,0.031792226994157624,False,0.05028522451542994,4.228129591365615,0.05175869406385303,0.03184474325365928,4.1941244072957,0.05483642617288531,0.031954437395820295,4.1392879811228145,0.03928798112281484,0.03213132909315218,baseline
"Local synthetic portfolio (25,000 loans)",production_full_history,full_available_history,2022-12-01,,4.26022621110722,,0.031741205770621846,False,0.048853701784820736,4.24440963181113,0.05028522451542994,0.031792226994157624,4.211372509322399,0.0532753395656691,0.03189879835702449,4.15809716975673,0.058097169756730516,0.032070654291107295,baseline
"Local synthetic portfolio (25,000 loans)",production_full_history,full_available_history,2023-01-01,,4.275592523093161,,0.0316916370222801,False,0.04746293172754612,4.26022621110722,0.048853701784820736,0.031741205770621846,4.228129591365615,0.05175869406385303,0.03184474325365928,4.176370897301762,0.056443256109286466,0.03201170678289751,baseline
"Local synthetic portfolio (25,000 loans)",production_full_history,full_available_history,2023-02-01,,4.290521386005234,,0.03164347939998309,False,0.04611175419410429,4.275592523093161,0.04746293172754612,0.0316916370222801,4.24440963181113,0.05028522451542994,0.031792226994157624,4.1941244072957,0.05483642617288531,0.031954437395820295,baseline
"Local synthetic portfolio (25,000 loans)",production_full_history,full_available_history,2023-03-01,,4.305025253169417,,0.03159669273171154,False,0.04479904206219665,4.290521386005234,0.04611175419410429,0.03164347939998309,4.26022621110722,0.048853701784820736,0.031741205770621846,4.211372509322399,0.0532753395656691,0.03189879835702449,baseline
"Local synthetic portfolio (25,000 loans)",production_full_history,full_available_history,2023-04-01,,4.319116223389669,,0.03155123798906556,False,0.04352370029650743,4.305025253169417,0.04479904206219665,0.03159669273171154,4.275592523093161,0.04746293172754612,0.0316916370222801,4.228129591365615,0.05175869406385303,0.03184474325365928,baseline
"Local synthetic portfolio (25,000 loans)",production_full_history,full_available_history,2023-05-01,,4.332806051040488,,0.03150707725470808,False,0.042284665035253965,4.319116223389669,0.04352370029650743,0.03155123798906556,4.290521386005234,0.04611175419410429,0.03164347939998309,4.24440963181113,0.05028522451542994,0.031792226994157624,baseline
"Local synthetic portfolio (25,000 loans)",production_full_history,full_available_history,2023-06-01,,4.346106155872146,,0.031464173690734995,False,0.04108090270272946,4.332806051040488,0.042284665035253965,0.03150707725470808,4.305025253169417,0.04479904206219665,0.03159669273171154,4.26022621110722,0.048853701784820736,0.031741205770621846,baseline
"Local synthetic portfolio (25,000 loans)",production_full_history,full_available_history,2023-07-01,,4.359027632536794,,0.03142249150794581,False,0.0399114091471251,4.346106155872146,0.04108090270272946,0.031464173690734995,4.319116223389669,0.04352370029650743,0.03155123798906556,4.275592523093161,0.04746293172754612,0.0316916370222801,baseline
"Local synthetic portfolio (25,000 loans)",production_full_history,full_available_history,2023-08-01,,4.371581259843371,,0.03138199593598911,False,0.038775208802882766,4.359027632536794,0.0399114091471251,0.03142249150794581,4.332806051040488,0.042284665035253965,0.03150707725470808,4.290521386005234,0.04611175419410429,0.03164347939998309,baseline
"Local synthetic portfolio (25,000 loans)",production_full_history,full_available_history,2023-09-01,,4.383777509749048,,0.031342653194357896,False,0.03767135387690157,4.371581259843371,0.038775208802882766,0.03138199593598911,4.346106155872146,0.04108090270272946,0.031464173690734995,4.305025253169417,0.04479904206219665,0.03159669273171154,baseline
"Local synthetic portfolio (25,000 loans)",production_full_history,full_available_history,2023-10-01,,4.3956265560947045,,0.031304430464210616,False,0.03659892355791072,4.383777509749048,0.03767135387690157,0.031342653194357896,4.359027632536794,0.0399114091471251,0.03142249150794581,4.319116223389669,0.04352370029650743,0.03155123798906556,baseline
"Local synthetic portfolio (25,000 loans)",production_full_history,full_available_history,2023-11-01,,4.407138283091719,,0.031267295860994436,False,0.035557023248347974,4.3956265560947045,0.03659892355791072,0.031304430464210616,4.371581259843371,0.038775208802882766,0.03138199593598911,4.332806051040488,0.042284665035253965,0.03150707725470808,baseline
"Local synthetic portfolio (25,000 loans)",production_full_history,full_available_history,2023-12-01,,4.41832229356716,,0.031231218407847854,False,0.0345447838181121,4.407138283091719,0.035557023248347974,0.031267295860994436,4.383777509749048,0.03767135387690157,0.031342653194357896,4.346106155872146,0.04108090270272946,0.031464173690734995,baseline
"Local synthetic portfolio (25,000 loans)",production_full_history,full_available_history,2024-01-01,,4.4291879169742465,,0.03119616800976048,False,0.03356136087954198,4.41832229356716,0.0345447838181121,0.031231218407847854,4.3956265560947045,0.03659892355791072,0.031304430464210616,4.359027632536794,0.0399114091471251,0.03142249150794581,baseline
"Local synthetic portfolio (25,000 loans)",production_full_history,full_available_history,2024-02-01,,4.439744217174778,,0.031162115428468442,False,0.03260593408305912,4.4291879169742465,0.03356136087954198,0.03119616800976048,4.407138283091719,0.035557023248347974,0.031267295860994436,4.371581259843371,0.038775208802882766,0.03138199593598911,baseline
"Local synthetic portfolio (25,000 loans)",production_full_history,full_available_history,2024-03-01,,4.449999999999999,,0.0311290322580645,False,0.031677706432839514,4.439744217174778,0.03260593408305912,0.031162115428468442,4.41832229356716,0.0345447838181121,0.031231218407847854,4.383777509749048,0.03767135387690157,0.031342653194357896,baseline
"Local synthetic portfolio (25,000 loans)",production_full_history,full_available_history,2024-04-01,,4.459963820596237,,0.031096890901302444,False,0.030775903621990786,4.449999999999999,0.031677706432839514,0.0311290322580645,4.4291879169742465,0.03356136087954198,0.03119616800976048,4.3956265560947045,0.03659892355791072,0.031304430464210616,baseline
"Local synthetic portfolio (25,000 loans)",production_full_history,full_available_history,2024-05-01,,4.469643990561407,,0.03106566454657609,False,0.02989977338662886,4.459963820596237,0.030775903621990786,0.031096890901302444,4.439744217174778,0.03260593408305912,0.031162115428468442,4.407138283091719,0.035557023248347974,0.031267295860994436,baseline
"Local synthetic portfolio (25,000 loans)",production_full_history,full_available_history,2024-06-01,,4.479048584878365,,0.031035327145553647,False,0.029048584878365702,4.469643990561407,0.02989977338662886,0.03106566454657609,4.449999999999999,0.031677706432839514,0.0311290322580645,4.41832229356716,0.0345447838181121,0.031231218407847854,baseline
"Local synthetic portfolio (25,000 loans)",production_full_history,full_available_history,2024-07-01,,4.488185448650881,,0.031005853391448755,False,0.02822162805464412,4.479048584878365,0.029048584878365702,0.031035327145553647,4.459963820596237,0.030775903621990786,0.031096890901302444,4.4291879169742465,0.03356136087954198,0.03119616800976048,baseline
"Local synthetic portfolio (25,000 loans)",production_full_history,full_available_history,2024-08-01,,4.497062203647849,,0.030977218697910147,False,0.027418213086442655,4.488185448650881,0.02822162805464412,0.031005853391448755,4.469643990561407,0.02989977338662886,0.03106566454657609,4.439744217174778,0.03260593408305912,0.031162115428468442,baseline
"Local synthetic portfolio (25,000 loans)",production_full_history,full_available_history,2024-09-01,,4.5056862546611995,,0.030949399178512246,False,0.02663766978283455,4.497062203647849,0.027418213086442655,0.030977218697910147,4.479048584878365,0.029048584878365702,0.031035327145553647,4.449999999999999,0.031677706432839514,0.0311290322580645,baseline
"Local synthetic portfolio (25,000 loans)",production_full_history,full_available_history,2024-10-01,,4.514064795682807,,0.03092237162682964,False,0.025879347031925626,4.5056862546611995,0.02663766978283455,0.030949399178512246,4.488185448650881,0.02822162805464412,0.031005853391448755,4.459963820596237,0.030775903621990786,0.031096890901302444,baseline
"Local synthetic portfolio (25,000 loans)",production_full_history,full_available_history,2024-11-01,,4.522204815905565,,0.03089611349707881,False,0.025142612257715413,4.514064795682807,0.025879347031925626,0.03092237162682964,4.497062203647849,0.027418213086442655,0.030977218697910147,4.469643990561407,0.02989977338662886,0.03106566454657609,baseline
"Local synthetic portfolio (25,000 loans)",production_full_history,full_available_history,2024-12-01,,4.53011310555361,,0.030870602885310922,False,0.024426850892410812,4.522204815905565,0.025142612257715413,0.03089611349707881,4.5056862546611995,0.02663766978283455,0.030949399178512246,4.479048584878365,0.029048584878365702,0.031035327145553647,baseline
"Local synthetic portfolio (25,000 loans)",production_full_history,full_available_history,2025-01-01,,4.53779626154658,,0.03084581851114005,False,0.02373146586377306,4.53011310555361,0.024426850892410812,0.030870602885310922,4.514064795682807,0.025879347031925626,0.03092237162682964,4.488185448650881,0.02822162805464412,0.031005853391448755,baseline
"Local synthetic portfolio (25,000 loans)",production_full_history,full_available_history,2025-02-01,,4.545260693002617,,0.030821739699991545,False,0.023055877097052146,4.53779626154658,0.02373146586377306,0.03084581851114005,4.522204815905565,0.025142612257715413,0.03089611349707881,4.497062203647849,0.027418213086442655,0.030977218697910147,baseline
"Local synthetic portfolio (25,000 loans)",production_full_history,full_available_history,2025-03-01,,4.552512626584708,,0.03079834636585577,False,0.022399521031097436,4.545260693002617,0.023055877097052146,0.030821739699991545,4.53011310555361,0.024426850892410812,0.030870602885310922,4.5056862546611995,0.02663766978283455,0.030949399178512246,baseline
"Local synthetic portfolio (25,000 loans)",production_full_history,full_available_history,2025-04-01,,4.559558111694834,,0.03077561899453278,False,0.021761850148253714,4.552512626584708,0.022399521031097436,0.03079834636585577,4.53779626154658,0.02373146586377306,0.03084581851114005,4.514064795682807,0.025879347031925626,0.03092237162682964,baseline
"Local synthetic portfolio (25,000 loans)",production_full_history,full_available_history,2025-05-01,,4.566403025520244,,0.03075353862735404,False,0.021142332517626983,4.559558111694834,0.021761850148253714,0.03077561899453278,4.545260693002617,0.023055877097052146,0.030821739699991545,4.522204815905565,0.025142612257715413,0.03089611349707881,baseline
"Local synthetic portfolio (25,000 loans)",production_full_history,full_available_history,2025-06-01,,4.573053077936073,,0.030732086845367497,False,0.02054045135136562,4.566403025520244,0.021142332517626983,0.03075353862735404,4.552512626584708,0.022399521031097436,0.03079834636585577,4.53011310555361,0.024426850892410812,0.030870602885310922,baseline
"Local synthetic portfolio (25,000 loans)",production_full_history,full_available_history,2025-07-01,,4.579513816268397,,0.030711245753972903,False,0.019955704573563438,4.573053077936073,0.02054045135136562,0.030732086845367497,4.559558111694834,0.021761850148253714,0.03077561899453278,4.53779626154658,0.02373146586377306,0.03084581851114005,baseline
"Local synthetic portfolio (25,000 loans)",production_full_history,full_available_history,2025-08-01,,4.585790629921685,,0.030690997967994554,False,0.01938760440144094,4.579513816268397,0.019955704573563438,0.030711245753972903,4.566403025520244,0.021142332517626983,0.03075353862735404,4.545260693002617,0.023055877097052146,0.030821739699991545,baseline
"Local synthetic portfolio (25,000 loans)",production_full_history,full_available_history,2025-09-01,,4.591888754874524,,0.030671326597178947,False,0.01883567693845034,4.585790629921685,0.01938760440144094,0.030690997967994554,4.573053077936073,0.02054045135136562,0.030732086845367497,4.552512626584708,0.022399521031097436,0.03079834636585577,baseline
"Local synthetic portfolio (25,000 loans)",production_full_history,full_available_history,2025-10-01,,4.597813278047352,,0.030652215232105307,False,0.018299461778954473,4.591888754874524,0.01883567693845034,0.030671326597178947,4.579513816268397,0.019955704573563438,0.030711245753972903,4.559558111694834,0.021761850148253714,0.03077561899453278,baseline
"Local synthetic portfolio (25,000 loans)",production_full_history,full_available_history,2025-11-01,,4.60356914154586,,0.030633647930497217,False,0.017778511624174875,4.597813278047352,0.018299461778954473,0.030652215232105307,4.585790629921685,0.01938760440144094,0.030690997967994554,4.566403025520244,0.021142332517626983,0.03075353862735404,baseline
"Local synthetic portfolio (25,000 loans)",production_full_history,full_available_history,2025-12-01,,4.609161146783579,,0.03061560920392393,False,0.017272391909055607,4.60356914154586,0.017778511624174875,0.030633647930497217,4.591888754874524,0.01883567693845034,0.030671326597178947,4.573053077936073,0.02054045135136562,0.030732086845367497,baseline
"Local synthetic portfolio (25,000 loans)",production_full_history,full_available_history,2026-01-01,,4.614593958487123,,0.03059808400488024,False,0.01678068043977099,4.609161146783579,0.017272391909055607,0.03061560920392393,4.597813278047352,0.018299461778954473,0.030652215232105307,4.579513816268397,0.019955704573563438,0.030711245753972903,baseline
"Local synthetic portfolio (25,000 loans)",production_full_history,full_available_history,2026-02-01,,4.619872108587389,,0.030581057714234222,False,0.016302967041529115,4.614593958487123,0.01678068043977099,0.03059808400488024,4.60356914154586,0.017778511624174875,0.030633647930497217,4.585790629921685,0.01938760440144094,0.030690997967994554,baseline
"Local synthetic portfolio (25,000 loans)",production_full_history,full_available_history,2026-03-01,,4.625,,0.03056451612903225,False,0.015838853216420645,4.619872108587389,0.016302967041529115,0.030581057714234222,4.609161146783579,0.017272391909055607,0.03061560920392393,4.591888754874524,0.01883567693845034,0.030671326597178947,baseline
"Local synthetic portfolio (25,000 loans)",production_full_history,full_available_history,2026-04-01,,4.629981910298119,,0.03054844545065122,False,0.015387951810995837,4.625,0.015838853216420645,0.03056451612903225,4.614593958487123,0.01678068043977099,0.03059808400488024,4.597813278047352,0.018299461778954473,0.030652215232105307,baseline
"Local synthetic portfolio (25,000 loans)",production_full_history,full_available_history,2026-05-01,,4.634821995280704,,0.030532832273288044,False,0.014949886693314873,4.629981910298119,0.015387951810995837,0.03054844545065122,4.619872108587389,0.016302967041529115,0.030581057714234222,4.60356914154586,0.017778511624174875,0.030633647930497217,baseline
"Local synthetic portfolio (25,000 loans)",production_full_history,full_available_history,2026-06-01,,4.639524292439182,,0.030517663572776823,False,0.014524292439181963,4.634821995280704,0.014949886693314873,0.030532832273288044,4.625,0.015838853216420645,0.03056451612903225,4.609161146783579,0.017272391909055607,0.03061560920392393,baseline
"Local synthetic portfolio (25,000 loans)",production_full_history,full_available_history,2026-07-01,,4.64409272432544,,0.030502926695724377,False,0.014110814027321616,4.639524292439182,0.014524292439181963,0.030517663572776823,4.629981910298119,0.015387951810995837,0.03054844545065122,4.614593958487123,0.01678068043977099,0.03059808400488024,baseline
"Local synthetic portfolio (25,000 loans)",production_full_history,full_available_history,2026-08-01,,4.648531101823925,,0.030488609348955073,False,0.013709106543220884,4.64409272432544,0.014110814027321616,0.030502926695724377,4.634821995280704,0.014949886693314873,0.030532832273288044,4.619872108587389,0.016302967041529115,0.030581057714234222,baseline
"Local synthetic portfolio (25,000 loans)",production_full_history,full_available_history,2026-09-01,,4.6528431273306,,0.030474699589256124,False,0.013318834891418163,4.648531101823925,0.013709106543220884,0.030488609348955073,4.639524292439182,0.014524292439181963,0.030517663572776823,4.625,0.015838853216420645,0.03056451612903225,baseline
"Local synthetic portfolio (25,000 loans)",production_full_history,full_available_history,2026-10-01,,4.657032397841403,,0.03046118581341482,False,0.012939673515963257,4.6528431273306,0.013318834891418163,0.030474699589256124,4.64409272432544,0.014110814027321616,0.030502926695724377,4.629981910298119,0.015387951810995837,0.03054844545065122,baseline
"Local synthetic portfolio (25,000 loans)",production_full_history,full_available_history,2026-11-01,,4.661102407952782,,0.030448056748539405,False,0.012571306128857707,4.657032397841403,0.012939673515963257,0.03046118581341482,4.648531101823925,0.013709106543220884,0.030488609348955073,4.634821995280704,0.014949886693314873,0.030532832273288044,baseline
"Local synthetic portfolio (25,000 loans)",production_full_history,full_available_history,2026-12-01,,4.665056552776805,,0.030435301442655462,False,0.012213425446204518,4.661102407952782,0.012571306128857707,0.030448056748539405,4.6528431273306,0.013318834891418163,0.030474699589256124,4.639524292439182,0.014524292439181963,0.030517663572776823,baseline
"Local synthetic portfolio (25,000 loans)",production_full_history,full_available_history,2027-01-01,,4.66889813077329,,0.030422909255570025,False,0.011865732931886974,4.665056552776805,0.012213425446204518,0.030435301442655462,4.657032397841403,0.012939673515963257,0.03046118581341482,4.64409272432544,0.014110814027321616,0.030502926695724377,baseline
"Local synthetic portfolio (25,000 loans)",production_full_history,full_available_history,2027-02-01,,4.672630346501308,,0.030410869849995772,False,0.011527938548526073,4.66889813077329,0.011865732931886974,0.030422909255570025,4.661102407952782,0.012571306128857707,0.030448056748539405,4.648531101823925,0.013709106543220884,0.030488609348955073,baseline
"Local synthetic portfolio (25,000 loans)",production_full_history,full_available_history,2027-03-01,,4.676256313292354,,0.030399173182927883,False,0.011199760515549606,4.672630346501308,0.011527938548526073,0.030410869849995772,4.665056552776805,0.012213425446204518,0.030435301442655462,4.6528431273306,0.013318834891418163,0.030474699589256124,baseline
"Local synthetic portfolio (25,000 loans)",production_full_history,full_available_history,2027-04-01,,4.679779055847417,,0.03038780949726639,False,0.010880925074126857,4.676256313292354,0.011199760515549606,0.030399173182927883,4.66889813077329,0.011865732931886974,0.030422909255570025,4.657032397841403,0.012939673515963257,0.03046118581341482,baseline
"Local synthetic portfolio (25,000 loans)",production_full_history,full_available_history,2027-05-01,,4.683201512760122,,0.03037676931367702,False,0.010571166258813491,4.679779055847417,0.010880925074126857,0.03038780949726639,4.672630346501308,0.011527938548526073,0.030410869849995772,4.661102407952782,0.012571306128857707,0.030448056748539405,baseline
"Local synthetic portfolio (25,000 loans)",production_full_history,full_available_history,2027-06-01,,4.686526538968036,,0.030366043422683748,False,0.010270225675681921,4.683201512760122,0.010571166258813491,0.03037676931367702,4.676256313292354,0.011199760515549606,0.030399173182927883,4.665056552776805,0.012213425446204518,0.030435301442655462,baseline
"Local synthetic portfolio (25,000 loans)",production_full_history,full_available_history,2027-07-01,,4.689756908134198,,0.03035562287698645,False,0.00997785228678083,4.686526538968036,0.010270225675681921,0.030366043422683748,4.679779055847417,0.010880925074126857,0.03038780949726639,4.66889813077329,0.011865732931886974,0.030422909255570025,baseline
"Local synthetic portfolio (25,000 loans)",production_full_history,full_available_history,2027-08-01,,4.692895314960842,,0.030345498983997278,False,0.00969380220072047,4.689756908134198,0.00997785228678083,0.03035562287698645,4.683201512760122,0.010571166258813491,0.03037676931367702,4.672630346501308,0.011527938548526073,0.030410869849995772,baseline
"Local synthetic portfolio (25,000 loans)",production_full_history,full_available_history,2027-09-01,,4.695944377437262,,0.03033566329858947,False,0.009417838469225615,4.692895314960842,0.00969380220072047,0.030345498983997278,4.686526538968036,0.010270225675681921,0.030366043422683748,4.676256313292354,0.011199760515549606,0.030399173182927883,baseline
"Local synthetic portfolio (25,000 loans)",production_full_history,full_available_history,2027-10-01,,4.698906639023676,,0.03032610761605265,False,0.00914973088947768,4.695944377437262,0.009417838469225615,0.03033566329858947,4.689756908134198,0.00997785228678083,0.03035562287698645,4.679779055847417,0.010880925074126857,0.03038780949726639,baseline
"Local synthetic portfolio (25,000 loans)",production_full_history,full_available_history,2027-11-01,,4.701784570772929,,0.03031682396524861,False,0.008889255812086994,4.698906639023676,0.00914973088947768,0.03032610761605265,4.692895314960842,0.00969380220072047,0.030345498983997278,4.683201512760122,0.010571166258813491,0.03037676931367702,baseline
"Local synthetic portfolio (25,000 loans)",production_full_history,full_available_history,2027-12-01,,4.70458057339179,,0.030307804601961964,False,0.008636195954528247,4.701784570772929,0.008889255812086994,0.03031682396524861,4.695944377437262,0.009417838469225615,0.03033566329858947,4.686526538968036,0.010270225675681921,0.030366043422683748,baseline
"Local synthetic portfolio (25,000 loans)",production_full_history,full_available_history,2028-01-01,,4.707296979243561,,0.03029904200244012,False,0.008390340219885495,4.70458057339179,0.008636195954528247,0.030307804601961964,4.698906639023676,0.00914973088947768,0.03032610761605265,4.689756908134198,0.00997785228678083,0.03035562287698645,baseline
"Local synthetic portfolio (25,000 loans)",production_full_history,full_available_history,2028-02-01,,4.709936054293694,,0.03029052885711711,False,0.008151483520764558,4.707296979243561,0.008390340219885495,0.03029904200244012,4.701784570772929,0.008889255812086994,0.03031682396524861,4.692895314960842,0.00969380220072047,0.030345498983997278,baseline
"Local synthetic portfolio (25,000 loans)",production_full_history,full_available_history,2028-03-01,,4.7124999999999995,,0.030282258064516124,False,0.007919426608209434,4.709936054293694,0.008151483520764558,0.03029052885711711,4.70458057339179,0.008636195954528247,0.030307804601961964,4.695944377437262,0.009417838469225615,0.03033566329858947,baseline
"Local synthetic portfolio (25,000 loans)",production_full_history,full_available_history,2028-04-01,,4.71499095514906,,0.03027422272532561,False,0.0076939759054983625,4.7124999999999995,0.007919426608209434,0.030282258064516124,4.707296979243561,0.008390340219885495,0.03029904200244012,4.698906639023676,0.00914973088947768,0.03032610761605265,baseline
"Local synthetic portfolio (25,000 loans)",production_full_history,full_available_history,2028-05-01,,4.717410997640352,,0.030266416136644023,False,0.007474943346657881,4.71499095514906,0.0076939759054983625,0.03027422272532561,4.709936054293694,0.008151483520764558,0.03029052885711711,4.701784570772929,0.008889255812086994,0.03031682396524861,baseline
"Local synthetic portfolio (25,000 loans)",production_full_history,full_available_history,2028-06-01,,4.719762146219591,,0.030258831786388413,False,0.00726214621959187,4.717410997640352,0.007474943346657881,0.030266416136644023,4.7124999999999995,0.007919426608209434,0.030282258064516124,4.70458057339179,0.008636195954528247,0.030307804601961964,baseline
"Local synthetic portfolio (25,000 loans)",production_full_history,full_available_history,2028-07-01,,4.72204636216272,,0.03025146334786219,False,0.007055407013660364,4.719762146219591,0.00726214621959187,0.030258831786388413,4.71499095514906,0.0076939759054983625,0.03027422272532561,4.707296979243561,0.008390340219885495,0.03029904200244012,baseline
"Local synthetic portfolio (25,000 loans)",production_full_history,full_available_history,2028-08-01,,4.724265550911962,,0.030244304674477536,False,0.006854553271610442,4.72204636216272,0.007055407013660364,0.03025146334786219,4.717410997640352,0.007474943346657881,0.030266416136644023,4.709936054293694,0.008151483520764558,0.03029052885711711,baseline
"Local synthetic portfolio (25,000 loans)",production_full_history,full_available_history,2028-09-01,,4.7264215636652995,,0.03023734979462806,False,0.006659417445708193,4.724265550911962,0.006854553271610442,0.030244304674477536,4.719762146219591,0.00726214621959187,0.030258831786388413,4.7124999999999995,0.007919426608209434,0.030282258064516124,baseline
"Local synthetic portfolio (25,000 loans)",production_full_history,full_available_history,2028-10-01,,4.728516198920702,,0.03023059290670741,False,0.006469836757982073,4.7264215636652995,0.006659417445708193,0.03023734979462806,4.72204636216272,0.007055407013660364,0.03025146334786219,4.71499095514906,0.0076939759054983625,0.03027422272532561,baseline
"Local synthetic portfolio (25,000 loans)",production_full_history,full_available_history,2028-11-01,,4.7305512039763915,,0.030224028374269702,False,0.006285653064429297,4.728516198920702,0.006469836757982073,0.03023059290670741,4.724265550911962,0.006854553271610442,0.030244304674477536,4.717410997640352,0.007474943346657881,0.030266416136644023,baseline
"Local synthetic portfolio (25,000 loans)",production_full_history,full_available_history,2028-12-01,,4.732528276388402,,0.03021765072132773,False,0.006106712723102703,4.7305512039763915,0.006285653064429297,0.030224028374269702,4.7264215636652995,0.006659417445708193,0.03023734979462806,4.719762146219591,0.00726214621959187,0.030258831786388413,baseline
"Local synthetic portfolio (25,000 loans)",production_full_history,full_available_history,2019-01-01,2019Q1,4.3,201.0,0.01005025125628145,True,-0.9890165710235532,5.26251369176064,0.0678342072911784,0.0409741572863872,5.289016571023553,0.1203145232618521,0.0610305255420792,5.168702047761701,0.06392753814730678,0.0446066410194316,adverse
"Local synthetic portfolio (25,000 loans)",production_full_history,full_available_history,2019-02-01,2019Q1,4.3,201.0,0.01005025125628145,True,-1.0168559541058633,4.3,-0.9890165710235532,0.01005025125628145,5.316855954105863,0.16219983368663637,0.0578212674869129,5.154656120419227,0.014263149501918093,0.0587016716635857,adverse
"Local synthetic portfolio (25,000 loans)",production_full_history,full_available_history,2019-03-01,2019Q1,4.3,201.0,0.01005025125628145,True,-0.9625136917606403,4.3,-1.0168559541058633,0.01005025125628145,5.26251369176064,0.0678342072911784,0.0409741572863872,5.194679484469462,0.02248485315933557,0.0531317086034572,adverse
"Local synthetic portfolio (25,000 loans)",production_full_history,full_available_history,2019-04-01,2019Q2,5.1,198.0,-0.01980198019801982,True,0.7999999999999998,4.3,-0.9625136917606403,0.01005025125628145,4.3,-0.9890165710235532,0.01005025125628145,5.289016571023553,0.1203145232618521,0.0610305255420792,adverse
"Local synthetic portfolio (25,000 loans)",production_full_history,full_available_history,2019-05-01,2019Q2,5.1,198.0,-0.01980198019801982,True,0.7999999999999998,5.1,0.7999999999999998,-0.01980198019801982,4.3,-1.0168559541058633,0.01005025125628145,5.316855954105863,0.16219983368663637,0.0578212674869129,adverse
"Local synthetic portfolio (25,000 loans)",production_full_history,full_available_history,2019-06-01,2019Q2,5.1,198.0,-0.01980198019801982,True,0.7999999999999998,5.1,0.7999999999999998,-0.01980198019801982,4.3,-0.9625136917606403,0.01005025125628145,5.26251369176064,0.0678342072911784,0.0409741572863872,adverse
"Local synthetic portfolio (25,000 loans)",production_full_history,full_available_history,2019-07-01,2019Q3,5.7,194.0,-0.0490196078431373,True,0.6000000000000005,5.1,0.7999999999999998,-0.01980198019801982,5.1,0.7999999999999998,-0.01980198019801982,4.3,-0.9890165710235532,0.01005025125628145,adverse
"Local synthetic portfolio (25,000 loans)",production_full_history,full_available_history,2019-08-01,2019Q3,5.7,194.0,-0.0490196078431373,True,0.6000000000000005,5.7,0.6000000000000005,-0.0490196078431373,5.1,0.7999999999999998,-0.01980198019801982,4.3,-1.0168559541058633,0.01005025125628145,adverse
"Local synthetic portfolio (25,000 loans)",production_full_history,full_available_history,2019-09-01,2019Q3,5.7,194.0,-0.0490196078431373,True,0.6000000000000005,5.7,0.6000000000000005,-0.0490196078431373,5.1,0.7999999999999998,-0.01980198019801982,4.3,-0.9625136917606403,0.01005025125628145,adverse
"Local synthetic portfolio (25,000 loans)",production_full_history,full_available_history,2019-10-01,2019Q4,6.2,190.0,-0.07317073170731703,True,0.5,5.7,0.6000000000000005,-0.0490196078431373,5.7,0.6000000000000005,-0.0490196078431373,5.1,0.7999999999999998,-0.01980198019801982,adverse
"Local synthetic portfolio (25,000 loans)",production_full_history,full_available_history,2019-11-01,2019Q4,6.2,190.0,-0.07317073170731703,True,0.5,6.2,0.5,-0.07317073170731703,5.7,0.6000000000000005,-0.0490196078431373,5.1,0.7999999999999998,-0.01980198019801982,adverse
"Local synthetic portfolio (25,000 loans)",production_full_history,full_available_history,2019-12-01,2019Q4,6.2,190.0,-0.07317073170731703,True,0.5,6.2,0.5,-0.07317073170731703,5.7,0.6000000000000005,-0.0490196078431373,5.1,0.7999999999999998,-0.01980198019801982,adverse
"Local synthetic portfolio (25,000 loans)",production_full_history,full_available_history,2020-01-01,2020Q1,6.6,185.0,-0.07960199004975121,True,0.39999999999999947,6.2,0.5,-0.07317073170731703,6.2,0.5,-0.07317073170731703,5.7,0.6000000000000005,-0.0490196078431373,adverse
"Local synthetic portfolio (25,000 loans)",production_full_history,full_available_history,2020-02-01,2020Q1,6.6,185.0,-0.07960199004975121,True,0.39999999999999947,6.6,0.39999999999999947,-0.07960199004975121,6.2,0.5,-0.07317073170731703,5.7,0.6000000000000005,-0.0490196078431373,adverse
"Local synthetic portfolio (25,000 loans)",production_full_history,full_available_history,2020-03-01,2020Q1,6.6,185.0,-0.07960199004975121,True,0.39999999999999947,6.6,0.39999999999999947,-0.07960199004975121,6.2,0.5,-0.07317073170731703,5.7,0.6000000000000005,-0.0490196078431373,adverse
"Local synthetic portfolio (25,000 loans)",production_full_history,full_available_history,2020-04-01,2020Q2,6.8,181.0,-0.08585858585858586,True,0.20000000000000018,6.6,0.39999999999999947,-0.07960199004975121,6.6,0.39999999999999947,-0.07960199004975121,6.2,0.5,-0.07317073170731703,adverse
"Local synthetic portfolio (25,000 loans)",production_full_history,full_available_history,2020-05-01,2020Q2,6.8,181.0,-0.08585858585858586,True,0.20000000000000018,6.8,0.20000000000000018,-0.08585858585858586,6.6,0.39999999999999947,-0.07960199004975121,6.2,0.5,-0.07317073170731703,adverse
"Local synthetic portfolio (25,000 loans)",production_full_history,full_available_history,2020-06-01,2020Q2,6.8,181.0,-0.08585858585858586,True,0.20000000000000018,6.8,0.20000000000000018,-0.08585858585858586,6.6,0.39999999999999947,-0.07960199004975121,6.2,0.5,-0.07317073170731703,adverse
"Local synthetic portfolio (25,000 loans)",production_full_history,full_available_history,2020-07-01,2020Q3,7.0,178.0,-0.08247422680412375,True,0.20000000000000018,6.8,0.20000000000000018,-0.08585858585858586,6.8,0.20000000000000018,-0.08585858585858586,6.6,0.39999999999999947,-0.07960199004975121,adverse
"Local synthetic portfolio (25,000 loans)",production_full_history,full_available_history,2020-08-01,2020Q3,7.0,178.0,-0.08247422680412375,True,0.20000000000000018,7.0,0.20000000000000018,-0.08247422680412375,6.8,0.20000000000000018,-0.08585858585858586,6.6,0.39999999999999947,-0.07960199004975121,adverse
"Local synthetic portfolio (25,000 loans)",production_full_history,full_available_history,2020-09-01,2020Q3,7.0,178.0,-0.08247422680412375,True,0.20000000000000018,7.0,0.20000000000000018,-0.08247422680412375,6.8,0.20000000000000018,-0.08585858585858586,6.6,0.39999999999999947,-0.07960199004975121,adverse
"Local synthetic portfolio (25,000 loans)",production_full_history,full_available_history,2020-10-01,2020Q4,7.0,176.0,-0.0736842105263158,True,0.0,7.0,0.20000000000000018,-0.08247422680412375,7.0,0.20000000000000018,-0.08247422680412375,6.8,0.20000000000000018,-0.08585858585858586,adverse
"Local synthetic portfolio (25,000 loans)",production_full_history,full_available_history,2020-11-01,2020Q4,7.0,176.0,-0.0736842105263158,True,0.0,7.0,0.0,-0.0736842105263158,7.0,0.20000000000000018,-0.08247422680412375,6.8,0.20000000000000018,-0.08585858585858586,adverse
"Local synthetic portfolio (25,000 loans)",production_full_history,full_available_history,2020-12-01,2020Q4,7.0,176.0,-0.0736842105263158,True,0.0,7.0,0.0,-0.0736842105263158,7.0,0.20000000000000018,-0.08247422680412375,6.8,0.20000000000000018,-0.08585858585858586,adverse
"Local synthetic portfolio (25,000 loans)",production_full_history,full_available_history,2021-01-01,2021Q1,6.9,176.0,-0.048648648648648596,True,-0.09999999999999964,7.0,0.0,-0.0736842105263158,7.0,0.0,-0.0736842105263158,7.0,0.20000000000000018,-0.08247422680412375,adverse
"Local synthetic portfolio (25,000 loans)",production_full_history,full_available_history,2021-02-01,2021Q1,6.9,176.0,-0.048648648648648596,True,-0.09999999999999964,6.9,-0.09999999999999964,-0.048648648648648596,7.0,0.0,-0.0736842105263158,7.0,0.20000000000000018,-0.08247422680412375,adverse
"Local synthetic portfolio (25,000 loans)",production_full_history,full_available_history,2021-03-01,2021Q1,6.9,176.0,-0.048648648648648596,True,-0.09999999999999964,6.9,-0.09999999999999964,-0.048648648648648596,7.0,0.0,-0.0736842105263158,7.0,0.20000000000000018,-0.08247422680412375,adverse
"Local synthetic portfolio (25,000 loans)",production_full_history,full_available_history,2021-04-01,2021Q2,6.7,178.0,-0.016574585635359074,True,-0.20000000000000018,6.9,-0.09999999999999964,-0.048648648648648596,6.9,-0.09999999999999964,-0.048648648648648596,7.0,0.0,-0.0736842105263158,adverse
"Local synthetic portfolio (25,000 loans)",production_full_history,full_available_history,2021-05-01,2021Q2,6.7,178.0,-0.016574585635359074,True,-0.20000000000000018,6.7,-0.20000000000000018,-0.016574585635359074,6.9,-0.09999999999999964,-0.048648648648648596,7.0,0.0,-0.0736842105263158,adverse
"Local synthetic portfolio (25,000 loans)",production_full_history,full_available_history,2021-06-01,2021Q2,6.7,178.0,-0.016574585635359074,True,-0.20000000000000018,6.7,-0.20000000000000018,-0.016574585635359074,6.9,-0.09999999999999964,-0.048648648648648596,7.0,0.0,-0.0736842105263158,adverse
"Local synthetic portfolio (25,000 loans)",production_full_history,full_available_history,2021-07-01,2021Q3,6.6,179.0,0.00561797752808979,True,-0.10000000000000053,6.7,-0.20000000000000018,-0.016574585635359074,6.7,-0.20000000000000018,-0.016574585635359074,6.9,-0.09999999999999964,-0.048648648648648596,adverse
"Local synthetic portfolio (25,000 loans)",production_full_history,full_available_history,2021-08-01,2021Q3,6.6,179.0,0.00561797752808979,True,-0.10000000000000053,6.6,-0.10000000000000053,0.00561797752808979,6.7,-0.20000000000000018,-0.016574585635359074,6.9,-0.09999999999999964,-0.048648648648648596,adverse
"Local synthetic portfolio (25,000 loans)",production_full_history,full_available_history,2021-09-01,2021Q3,6.6,179.0,0.00561797752808979,True,-0.10000000000000053,6.6,-0.10000000000000053,0.00561797752808979,6.7,-0.20000000000000018,-0.016574585635359074,6.9,-0.09999999999999964,-0.048648648648648596,adverse
"Local synthetic portfolio (25,000 loans)",production_full_history,full_available_history,2021-10-01,2021Q4,6.4,182.0,0.03409090909090917,True,-0.1999999999999993,6.6,-0.10000000000000053,0.00561797752808979,6.6,-0.10000000000000053,0.00561797752808979,6.7,-0.20000000000000018,-0.016574585635359074,adverse
"Local synthetic portfolio (25,000 loans)",production_full_history,full_available_history,2021-11-01,2021Q4,6.4,182.0,0.03409090909090917,True,-0.1999999999999993,6.4,-0.1999999999999993,0.03409090909090917,6.6,-0.10000000000000053,0.00561797752808979,6.7,-0.20000000000000018,-0.016574585635359074,adverse
"Local synthetic portfolio (25,000 loans)",production_full_history,full_available_history,2021-12-01,2021Q4,6.4,182.0,0.03409090909090917,True,-0.1999999999999993,6.4,-0.1999999999999993,0.03409090909090917,6.6,-0.10000000000000053,0.00561797752808979,6.7,-0.20000000000000018,-0.016574585635359074,adverse
"Local synthetic portfolio (25,000 loans)",production_full_history,full_available_history,2022-01-01,2022Q1,6.3,184.0,0.045454545454545414,True,-0.10000000000000053,6.4,-0.1999999999999993,0.03409090909090917,6.4,-0.1999999999999993,0.03409090909090917,6.6,-0.10000000000000053,0.00561797752808979,adverse
"Local synthetic portfolio (25,000 loans)",production_full_history,full_available_history,2022-02-01,2022Q1,6.3,184.0,0.045454545454545414,True,-0.10000000000000053,6.3,-0.10000000000000053,0.045454545454545414,6.4,-0.1999999999999993,0.03409090909090917,6.6,-0.10000000000000053,0.00561797752808979,adverse
"Local synthetic portfolio (25,000 loans)",production_full_history,full_available_history,2022-03-01,2022Q1,6.3,184.0,0.045454545454545414,True,-0.10000000000000053,6.3,-0.10000000000000053,0.045454545454545414,6.4,-0.1999999999999993,0.03409090909090917,6.6,-0.10000000000000053,0.00561797752808979,adverse
"Local synthetic portfolio (25,000 loans)",production_full_history,full_available_history,2022-04-01,,6.257297911730409,,0.04501458454510114,False,-0.04270208826959099,6.3,-0.10000000000000053,0.045454545454545414,6.3,-0.10000000000000053,0.045454545454545414,6.4,-0.1999999999999993,0.03409090909090917,adverse
"Local synthetic portfolio (25,000 loans)",production_full_history,full_available_history,2022-05-01,,6.21581146902254,,0.044587148468717044,False,-0.08418853097745949,6.257297911730409,-0.04270208826959099,0.04501458454510114,6.3,-0.10000000000000053,0.045454545454545414,6.4,-0.1999999999999993,0.03409090909090917,adverse
"Local synthetic portfolio (25,000 loans)",production_full_history,full_available_history,2022-06-01,,6.175506064807006,,0.04417188066770852,False,-0.12449393519299345,6.21581146902254,-0.08418853097745949,0.044587148468717044,6.3,-0.10000000000000053,0.045454545454545414,6.4,-0.1999999999999993,0.03409090909090917,adverse
"Local synthetic portfolio (25,000 loans)",production_full_history,full_available_history,2022-07-01,,6.136348077210509,,0.04376843473489612,False,-0.12094983451989982,6.175506064807006,-0.12449393519299345,0.04417188066770852,6.257297911730409,-0.04270208826959099,0.04501458454510114,6.3,-0.10000000000000053,0.045454545454545414,adverse
"Local synthetic portfolio (25,000 loans)",production_full_history,full_available_history,2022-08-01,,6.098304841509215,,0.04337647412464036,False,-0.11750662751332541,6.136348077210509,-0.12094983451989982,0.04376843473489612,6.21581146902254,-0.08418853097745949,0.044587148468717044,6.3,-0.10000000000000053,0.045454545454545414,adverse
"Local synthetic portfolio (25,000 loans)",production_full_history,full_available_history,2022-09-01,,6.061344622880572,,0.04299567187210283,False,-0.11416144192643429,6.098304841509215,-0.11750662751332541,0.04337647412464036,6.175506064807006,-0.12449393519299345,0.04417188066770852,6.3,-0.10000000000000053,0.045454545454545414,adverse
"Local synthetic portfolio (25,000 loans)",production_full_history,full_available_history,2022-10-01,,6.025436589930825,,0.042625710320499374,False,-0.11091148727968392,6.061344622880572,-0.11416144192643429,0.04299567187210283,6.136348077210509,-0.12094983451989982,0.04376843473489612,6.257297911730409,-0.04270208826959099,0.04501458454510114,adverse
"Local synthetic portfolio (25,000 loans)",production_full_history,full_available_history,2022-11-01,,5.990550788976149,,0.042266280856117874,False,-0.1077540525330658,6.025436589930825,-0.11091148727968392,0.042625710320499374,6.098304841509215,-0.11750662751332541,0.04337647412464036,6.21581146902254,-0.08418853097745949,0.044587148468717044,adverse
"Local synthetic portfolio (25,000 loans)",production_full_history,full_available_history,2022-12-01,,5.956658119055955,,0.04191708365087951,False,-0.10468650382461675,5.990550788976149,-0.1077540525330658,0.042266280856117874,6.061344622880572,-0.11416144192643429,0.04299567187210283,6.175506064807006,-0.12449393519299345,0.04417188066770852,adverse
"Local synthetic portfolio (25,000 loans)",production_full_history,full_available_history,2023-01-01,,5.923730307657511,,0.041577827412228874,False,-0.10170628227331413,5.956658119055955,-0.10468650382461675,0.04191708365087951,6.025436589930825,-0.11091148727968392,0.042625710320499374,6.136348077210509,-0.12094983451989982,0.04376843473489612,adverse
"Local synthetic portfolio (25,000 loans)",production_full_history,full_available_history,2023-02-01,,5.89173988713164,,0.041248229140144144,False,-0.09881090184450869,5.923730307657511,-0.10170628227331413,0.041577827412228874,5.990550788976149,-0.1077540525330658,0.042266280856117874,6.098304841509215,-0.11750662751332541,0.04337647412464036,adverse
"Local synthetic portfolio (25,000 loans)",production_full_history,full_available_history,2023-03-01,,5.860660171779822,,0.0409280138910648,False,-0.09599794727613364,5.89173988713164,-0.09881090184450869,0.041248229140144144,5.956658119055955,-0.10468650382461675,0.04191708365087951,6.061344622880572,-0.11416144192643429,0.04299567187210283,adverse
"Local synthetic portfolio (25,000 loans)",production_full_history,full_available_history,2023-04-01,,5.830465235593566,,0.04061691454853975,False,-0.09326507206394474,5.860660171779822,-0.09599794727613364,0.0409280138910648,5.923730307657511,-0.10170628227331413,0.041577827412228874,6.025436589930825,-0.11091148727968392,0.042625710320499374,adverse
"Local synthetic portfolio (25,000 loans)",production_full_history,full_available_history,2023-05-01,,5.801129890627525,,0.040314671600404785,False,-0.09060999650411539,5.830465235593566,-0.09326507206394474,0.04061691454853975,5.89173988713164,-0.09881090184450869,0.041248229140144144,5.990550788976149,-0.1077540525330658,0.042266280856117874,adverse
"Local synthetic portfolio (25,000 loans)",production_full_history,full_available_history,2023-06-01,,5.772629665988257,,0.04002103292230323,False,-0.0880305057915649,5.801129890627525,-0.09060999650411539,0.040314671600404785,5.860660171779822,-0.09599794727613364,0.0409280138910648,5.956658119055955,-0.10468650382461675,0.04191708365087951,adverse
"Local synthetic portfolio (25,000 loans)",production_full_history,full_available_history,2023-07-01,,5.744940787421155,,0.03973575356736945,False,-0.08552444817241156,5.772629665988257,-0.0880305057915649,0.04002103292230323,5.830465235593566,-0.09326507206394474,0.04061691454853975,5.923730307657511,-0.10170628227331413,0.041577827412228874,adverse
"Local synthetic portfolio (25,000 loans)",production_full_history,full_available_history,2023-08-01,,5.718040157478491,,0.03945859556189958,False,-0.08308973314903412,5.744940787421155,-0.08552444817241156,0.03973575356736945,5.801129890627525,-0.09060999650411539,0.040314671600404785,5.89173988713164,-0.09881090184450869,0.041248229140144144,adverse
"Local synthetic portfolio (25,000 loans)",production_full_history,full_available_history,2023-09-01,,5.691905336252041,,0.03918932770683918,False,-0.08072432973621613,5.718040157478491,-0.08308973314903412,0.03945859556189958,5.772629665988257,-0.0880305057915649,0.04002103292230323,5.860660171779822,-0.09599794727613364,0.0409280138910648,adverse
"Local synthetic portfolio (25,000 loans)",production_full_history,full_available_history,2023-10-01,,5.666514522654205,,0.038927725384922084,False,-0.07842626476695003,5.691905336252041,-0.08072432973621613,0.03918932770683918,5.744940787421155,-0.08552444817241156,0.03973575356736945,5.830465235593566,-0.09326507206394474,0.04061691454853975,adverse
"Local synthetic portfolio (25,000 loans)",production_full_history,full_available_history,2023-11-01,,5.64184653623203,,0.03867357037329967,False,-0.07619362124646134,5.666514522654205,-0.07842626476695003,0.038927725384922084,5.718040157478491,-0.08308973314903412,0.03945859556189958,5.801129890627525,-0.09060999650411539,0.040314671600404785,adverse
"Local synthetic portfolio (25,000 loans)",production_full_history,full_available_history,2023-12-01,,5.617880799498943,,0.03842665066150424,False,-0.07402453675309761,5.64184653623203,-0.07619362124646134,0.03867357037329967,5.691905336252041,-0.08072432973621613,0.03918932770683918,5.772629665988257,-0.0880305057915649,0.04002103292230323,adverse
"Local synthetic portfolio (25,000 loans)",production_full_history,full_available_history,2024-01-01,,5.594597320769472,,0.038186760274594535,False,-0.07191720188473294,5.617880799498943,-0.07402453675309761,0.03842665066150424,5.666514522654205,-0.07842626476695003,0.038927725384922084,5.744940787421155,-0.08552444817241156,0.03973575356736945,adverse
"Local synthetic portfolio (25,000 loans)",production_full_history,full_available_history,2024-02-01,,5.571976677482619,,0.03795369910133606,False,-0.06986985874941087,5.594597320769472,-0.07191720188473294,0.038186760274594535,5.64184653623203,-0.07619362124646134,0.03867357037329967,5.718040157478491,-0.08308973314903412,0.03945859556189958,adverse
"Local synthetic portfolio (25,000 loans)",production_full_history,full_available_history,2024-03-01,,5.55,,0.03772727272727271,False,-0.06788079949894321,5.571976677482619,-0.06986985874941087,0.03795369910133606,5.617880799498943,-0.07402453675309761,0.03842665066150424,5.691905336252041,-0.08072432973621613,0.03918932770683918,adverse
"Local synthetic portfolio (25,000 loans)",production_full_history,full_available_history,2024-04-01,,5.528648955865204,,0.03750729227255057,False,-0.06594836490426736,5.55,-0.06788079949894321,0.03772727272727271,5.594597320769472,-0.07191720188473294,0.038186760274594535,5.666514522654205,-0.07842626476695003,0.038927725384922084,adverse
"Local synthetic portfolio (25,000 loans)",production_full_history,full_available_history,2024-05-01,,5.50790573451127,,0.03729357423435852,False,-0.06407094297134908,5.528648955865204,-0.06594836490426736,0.03750729227255057,5.571976677482619,-0.06986985874941087,0.03795369910133606,5.64184653623203,-0.07619362124646134,0.03867357037329967,adverse
"Local synthetic portfolio (25,000 loans)",production_full_history,full_available_history,2024-06-01,,5.4877530324035035,,0.03708594033385426,False,-0.06224696759649628,5.50790573451127,-0.06407094297134908,0.03729357423435852,5.55,-0.06788079949894321,0.03772727272727271,5.617880799498943,-0.07402453675309761,0.03842665066150424,adverse
"Local synthetic portfolio (25,000 loans)",production_full_history,full_available_history,2024-07-01,,5.468174038605254,,0.036884217367448055,False,-0.06047491725994991,5.4877530324035035,-0.06224696759649628,0.03708594033385426,5.528648955865204,-0.06594836490426736,0.03750729227255057,5.594597320769472,-0.07191720188473294,0.038186760274594535,adverse
"Local synthetic portfolio (25,000 loans)",production_full_history,full_available_history,2024-08-01,,5.449152420754607,,0.036688237062320175,False,-0.058753313756662706,5.468174038605254,-0.06047491725994991,0.036884217367448055,5.50790573451127,-0.06407094297134908,0.03729357423435852,5.571976677482619,-0.06986985874941087,0.03795369910133606,adverse
"Local synthetic portfolio (25,000 loans)",production_full_history,full_available_history,2024-09-01,,5.4306723114402855,,0.03649783593605141,False,-0.057080720963218035,5.449152420754607,-0.058753313756662706,0.036688237062320175,5.4877530324035035,-0.06224696759649628,0.03708594033385426,5.55,-0.06788079949894321,0.03772727272727271,adverse
"Local synthetic portfolio (25,000 loans)",production_full_history,full_available_history,2024-10-01,,5.412718294965412,,0.03631285516024969,False,-0.0554557436398424,5.4306723114402855,-0.057080720963218035,0.03649783593605141,5.468174038605254,-0.06047491725994991,0.036884217367448055,5.528648955865204,-0.06594836490426736,0.03750729227255057,adverse
"Local synthetic portfolio (25,000 loans)",production_full_history,full_available_history,2024-11-01,,5.395275394488075,,0.03613314042805894,False,-0.05387702626653201,5.412718294965412,-0.0554557436398424,0.03631285516024969,5.449152420754607,-0.058753313756662706,0.036688237062320175,5.50790573451127,-0.06407094297134908,0.03729357423435852,adverse
"Local synthetic portfolio (25,000 loans)",production_full_history,full_available_history,2024-12-01,,5.378329059527978,,0.035958541825439755,False,-0.05234325191230749,5.395275394488075,-0.05387702626653201,0.03613314042805894,5.4306723114402855,-0.057080720963218035,0.03649783593605141,5.4877530324035035,-0.06224696759649628,0.03708594033385426,adverse
"Local synthetic portfolio (25,000 loans)",production_full_history,full_available_history,2025-01-01,,5.361865153828756,,0.035788913706114436,False,-0.05085314113665618,5.378329059527978,-0.05234325191230749,0.035958541825439755,5.412718294965412,-0.0554557436398424,0.03631285516024969,5.468174038605254,-0.06047491725994991,0.036884217367448055,adverse
"Local synthetic portfolio (25,000 loans)",production_full_history,full_available_history,2025-02-01,,5.34586994356582,,0.03562411457007207,False,-0.049405450922255234,5.361865153828756,-0.05085314113665618,0.035788913706114436,5.395275394488075,-0.05387702626653201,0.03613314042805894,5.449152420754607,-0.058753313756662706,0.036688237062320175,adverse
"Local synthetic portfolio (25,000 loans)",production_full_history,full_available_history,2025-03-01,,5.33033008588991,,0.035464006945532395,False,-0.04799897363806771,5.34586994356582,-0.049405450922255234,0.03562411457007207,5.378329059527978,-0.05234325191230749,0.035958541825439755,5.4306723114402855,-0.057080720963218035,0.03649783593605141,adverse
"Local synthetic portfolio (25,000 loans)",production_full_history,full_available_history,2025-04-01,,5.3152326177967835,,0.03530845727426987,False,-0.04663253603197237,5.33033008588991,-0.04799897363806771,0.035464006945532395,5.361865153828756,-0.05085314113665618,0.035788913706114436,5.412718294965412,-0.0554557436398424,0.03631285516024969,adverse
"Local synthetic portfolio (25,000 loans)",production_full_history,full_available_history,2025-05-01,,5.300564945313763,,0.03515733580020239,False,-0.045304998252056805,5.3152326177967835,-0.04663253603197237,0.03530845727426987,5.34586994356582,-0.049405450922255234,0.03562411457007207,5.395275394488075,-0.05387702626653201,0.03613314042805894,adverse
"Local synthetic portfolio (25,000 loans)",production_full_history,full_available_history,2025-06-01,,5.286314832994129,,0.035010516461151615,False,-0.044015252895781565,5.300564945313763,-0.045304998252056805,0.03515733580020239,5.33033008588991,-0.04799897363806771,0.035464006945532395,5.378329059527978,-0.05234325191230749,0.035958541825439755,adverse
"Local synthetic portfolio (25,000 loans)",production_full_history,full_available_history,2025-07-01,,5.272470393710577,,0.03486787678368472,False,-0.042762224086206224,5.286314832994129,-0.044015252895781565,0.035010516461151615,5.3152326177967835,-0.04663253603197237,0.03530845727426987,5.361865153828756,-0.05085314113665618,0.035788913706114436,adverse
"Local synthetic portfolio (25,000 loans)",production_full_history,full_available_history,2025-08-01,,5.259020078739246,,0.03472929778094979,False,-0.04154486657451706,5.272470393710577,-0.042762224086206224,0.03486787678368472,5.300564945313763,-0.045304998252056805,0.03515733580020239,5.34586994356582,-0.049405450922255234,0.03562411457007207,adverse
"Local synthetic portfolio (25,000 loans)",production_full_history,full_available_history,2025-09-01,,5.24595266812602,,0.03459466385341959,False,-0.04036216486810851,5.259020078739246,-0.04154486657451706,0.03472929778094979,5.286314832994129,-0.044015252895781565,0.035010516461151615,5.33033008588991,-0.04799897363806771,0.035464006945532395,adverse
"Local synthetic portfolio (25,000 loans)",production_full_history,full_available_history,2025-10-01,,5.233257261327102,,0.034463862692461045,False,-0.03921313238347501,5.24595266812602,-0.04036216486810851,0.03459466385341959,5.272470393710577,-0.042762224086206224,0.03486787678368472,5.3152326177967835,-0.04663253603197237,0.03530845727426987,adverse
"Local synthetic portfolio (25,000 loans)",production_full_history,full_available_history,2025-11-01,,5.220923268116015,,0.034336785186649836,False,-0.038096810623231114,5.233257261327102,-0.03921313238347501,0.034463862692461045,5.259020078739246,-0.04154486657451706,0.03472929778094979,5.300564945313763,-0.045304998252056805,0.03515733580020239,adverse
"Local synthetic portfolio (25,000 loans)",production_full_history,full_available_history,2025-12-01,,5.208940399749471,,0.03421332533075212,False,-0.03701226837654925,5.220923268116015,-0.038096810623231114,0.034336785186649836,5.24595266812602,-0.04036216486810851,0.03459466385341959,5.286314832994129,-0.044015252895781565,0.035010516461151615,adverse
"Local synthetic portfolio (25,000 loans)",production_full_history,full_available_history,2026-01-01,,5.197298660384735,,0.03409338013729726,False,-0.035958600942366914,5.208940399749471,-0.03701226837654925,0.03421332533075212,5.233257261327102,-0.03921313238347501,0.034463862692461045,5.272470393710577,-0.042762224086206224,0.03486787678368472,adverse
"Local synthetic portfolio (25,000 loans)",production_full_history,full_available_history,2026-02-01,,5.18598833874131,,0.03397684955066803,False,-0.03493492937470499,5.197298660384735,-0.035958600942366914,0.03409338013729726,5.220923268116015,-0.038096810623231114,0.034336785186649836,5.259020078739246,-0.04154486657451706,0.03472929778094979,adverse
"Local synthetic portfolio (25,000 loans)",production_full_history,full_available_history,2026-03-01,,5.175,,0.03386363636363635,False,-0.03394039974947116,5.18598833874131,-0.03493492937470499,0.03397684955066803,5.208940399749471,-0.03701226837654925,0.03421332533075212,5.24595266812602,-0.04036216486810851,0.03459466385341959,adverse
"Local synthetic portfolio (25,000 loans)",production_full_history,full_available_history,2026-04-01,,5.1643244779326025,,0.03375364613627529,False,-0.032974182452132794,5.175,-0.03394039974947116,0.03386363636363635,5.197298660384735,-0.035958600942366914,0.03409338013729726,5.233257261327102,-0.03921313238347501,0.034463862692461045,adverse
"Local synthetic portfolio (25,000 loans)",production_full_history,full_available_history,2026-05-01,,5.153952867255635,,0.03364678711717926,False,-0.03203547148567498,5.1643244779326025,-0.032974182452132794,0.03375364613627529,5.18598833874131,-0.03493492937470499,0.03397684955066803,5.220923268116015,-0.038096810623231114,0.034336785186649836,adverse
"Local synthetic portfolio (25,000 loans)",production_full_history,full_available_history,2026-06-01,,5.143876516201751,,0.03354297016692713,False,-0.031123483798248586,5.153952867255635,-0.03203547148567498,0.03364678711717926,5.175,-0.03394039974947116,0.03386363636363635,5.208940399749471,-0.03701226837654925,0.03421332533075212,adverse
"Local synthetic portfolio (25,000 loans)",production_full_history,full_available_history,2026-07-01,,5.134087019302627,,0.03344210868372403,False,-0.0302374586299754,5.143876516201751,-0.031123483798248586,0.03354297016692713,5.1643244779326025,-0.032974182452132794,0.03375364613627529,5.197298660384735,-0.035958600942366914,0.03409338013729726,adverse
"Local synthetic portfolio (25,000 loans)",production_full_history,full_available_history,2026-08-01,,5.124576210377303,,0.03334411853116009,False,-0.029376656878331353,5.134087019302627,-0.0302374586299754,0.03344210868372403,5.153952867255635,-0.03203547148567498,0.03364678711717926,5.18598833874131,-0.03493492937470499,0.03397684955066803,adverse
"Local synthetic portfolio (25,000 loans)",production_full_history,full_available_history,2026-09-01,,5.115336155720143,,0.033248917968025704,False,-0.028540360481608573,5.124576210377303,-0.029376656878331353,0.03334411853116009,5.143876516201751,-0.031123483798248586,0.03354297016692713,5.175,-0.03394039974947116,0.03386363636363635,adverse
"Local synthetic portfolio (25,000 loans)",production_full_history,full_available_history,2026-10-01,,5.106359147482706,,0.033156427580124846,False,-0.027727871819920757,5.115336155720143,-0.028540360481608573,0.033248917968025704,5.134087019302627,-0.0302374586299754,0.03344210868372403,5.1643244779326025,-0.032974182452132794,0.03375364613627529,adverse
"Local synthetic portfolio (25,000 loans)",production_full_history,full_available_history,2026-11-01,,5.097637697244037,,0.033066570214029464,False,-0.026938513133266007,5.106359147482706,-0.027727871819920757,0.033156427580124846,5.124576210377303,-0.029376656878331353,0.03334411853116009,5.153952867255635,-0.03203547148567498,0.03364678711717926,adverse
"Local synthetic portfolio (25,000 loans)",production_full_history,full_available_history,2026-12-01,,5.0891645297639885,,0.03297927091271988,False,-0.026171625956154188,5.097637697244037,-0.026938513133266007,0.033066570214029464,5.115336155720143,-0.028540360481608573,0.033248917968025704,5.143876516201751,-0.031123483798248586,0.03354297016692713,adverse
"Local synthetic portfolio (25,000 loans)",production_full_history,full_available_history,2027-01-01,,5.080932576914377,,0.03289445685305722,False,-0.025426570568328977,5.0891645297639885,-0.026171625956154188,0.03297927091271988,5.106359147482706,-0.027727871819920757,0.033156427580124846,5.134087019302627,-0.0302374586299754,0.03344210868372403,adverse
"Local synthetic portfolio (25,000 loans)",production_full_history,full_available_history,2027-02-01,,5.07293497178291,,0.032812057285036035,False,-0.024702725461127173,5.080932576914377,-0.025426570568328977,0.03289445685305722,5.097637697244037,-0.026938513133266007,0.033066570214029464,5.124576210377303,-0.029376656878331353,0.03334411853116009,adverse
"Local synthetic portfolio (25,000 loans)",production_full_history,full_available_history,2027-03-01,,5.0651650429449555,,0.0327320034727662,False,-0.023999486819032967,5.07293497178291,-0.024702725461127173,0.032812057285036035,5.0891645297639885,-0.026171625956154188,0.03297927091271988,5.115336155720143,-0.028540360481608573,0.033248917968025704,adverse
"Local synthetic portfolio (25,000 loans)",production_full_history,full_available_history,2027-04-01,,5.057616308898392,,0.032654228637134936,False,-0.02331626801598574,5.0651650429449555,-0.023999486819032967,0.0327320034727662,5.080932576914377,-0.025426570568328977,0.03289445685305722,5.106359147482706,-0.027727871819920757,0.033156427580124846,adverse
"Local synthetic portfolio (25,000 loans)",production_full_history,full_available_history,2027-05-01,,5.050282472656881,,0.032578667900101194,False,-0.02265249912602929,5.057616308898392,-0.02331626801598574,0.032654228637134936,5.07293497178291,-0.024702725461127173,0.032812057285036035,5.097637697244037,-0.026938513133266007,0.033066570214029464,adverse
"Local synthetic portfolio (25,000 loans)",production_full_history,full_available_history,2027-06-01,,5.043157416497064,,0.032505258230575804,False,-0.022007626447891226,5.050282472656881,-0.02265249912602929,0.032578667900101194,5.0651650429449555,-0.023999486819032967,0.0327320034727662,5.0891645297639885,-0.026171625956154188,0.03297927091271988,adverse
"Local synthetic portfolio (25,000 loans)",production_full_history,full_available_history,2027-07-01,,5.036235196855289,,0.03243393839184236,False,-0.021381112043102668,5.043157416497064,-0.022007626447891226,0.032505258230575804,5.057616308898392,-0.02331626801598574,0.032654228637134936,5.080932576914377,-0.025426570568328977,0.03289445685305722,adverse
"Local synthetic portfolio (25,000 loans)",production_full_history,full_available_history,2027-08-01,,5.029510039369622,,0.0323646488904749,False,-0.02077243328725853,5.036235196855289,-0.021381112043102668,0.03243393839184236,5.050282472656881,-0.02265249912602929,0.032578667900101194,5.07293497178291,-0.024702725461127173,0.032812057285036035,adverse
"Local synthetic portfolio (25,000 loans)",production_full_history,full_available_history,2027-09-01,,5.02297633406301,,0.0322973319267098,False,-0.020181082434054254,5.029510039369622,-0.02077243328725853,0.0323646488904749,5.043157416497064,-0.022007626447891226,0.032505258230575804,5.0651650429449555,-0.023999486819032967,0.0327320034727662,adverse
"Local synthetic portfolio (25,000 loans)",production_full_history,full_available_history,2027-10-01,,5.016628630663551,,0.03223193134623052,False,-0.019606566191738395,5.02297633406301,-0.020181082434054254,0.0322973319267098,5.036235196855289,-0.021381112043102668,0.03243393839184236,5.057616308898392,-0.02331626801598574,0.032654228637134936,adverse
"Local synthetic portfolio (25,000 loans)",production_full_history,full_available_history,2027-11-01,,5.010461634058007,,0.03216839259332492,False,-0.019048405311615113,5.016628630663551,-0.019606566191738395,0.03223193134623052,5.029510039369622,-0.02077243328725853,0.0323646488904749,5.050282472656881,-0.02265249912602929,0.032578667900101194,adverse
"Local synthetic portfolio (25,000 loans)",production_full_history,full_available_history,2027-12-01,,5.004470199874736,,0.03210666266537606,False,-0.01850613418827418,5.010461634058007,-0.019048405311615113,0.03216839259332492,5.02297633406301,-0.020181082434054254,0.0322973319267098,5.043157416497064,-0.022007626447891226,0.032505258230575804,adverse
"Local synthetic portfolio (25,000 loans)",production_full_history,full_available_history,2028-01-01,,4.998649330192368,,0.03204669006864863,False,-0.01797930047118257,5.004470199874736,-0.01850613418827418,0.03210666266537606,5.016628630663551,-0.019606566191738395,0.03223193134623052,5.036235196855289,-0.021381112043102668,0.03243393839184236,adverse
"Local synthetic portfolio (25,000 loans)",production_full_history,full_available_history,2028-02-01,,4.992994169370655,,0.031988424775334014,False,-0.017467464687352496,4.998649330192368,-0.01797930047118257,0.03204669006864863,5.010461634058007,-0.019048405311615113,0.03216839259332492,5.029510039369622,-0.02077243328725853,0.0323646488904749,adverse
"Local synthetic portfolio (25,000 loans)",production_full_history,full_available_history,2028-03-01,,4.9875,,0.03193181818181817,False,-0.016970199874736025,4.992994169370655,-0.017467464687352496,0.031988424775334014,5.004470199874736,-0.01850613418827418,0.03210666266537606,5.02297633406301,-0.020181082434054254,0.0322973319267098,adverse
"Local synthetic portfolio (25,000 loans)",production_full_history,full_available_history,2028-04-01,,4.982162238966301,,0.03187682306813764,False,-0.016487091226067285,4.9875,-0.016970199874736025,0.03193181818181817,4.998649330192368,-0.01797930047118257,0.03204669006864863,5.016628630663551,-0.019606566191738395,0.03223193134623052,adverse
"Local synthetic portfolio (25,000 loans)",production_full_history,full_available_history,2028-05-01,,4.976976433627818,,0.03182339355858963,False,-0.016017735742837047,4.982162238966301,-0.016487091226067285,0.03187682306813764,4.992994169370655,-0.017467464687352496,0.031988424775334014,5.010461634058007,-0.019048405311615113,0.03216839259332492,adverse
"Local synthetic portfolio (25,000 loans)",production_full_history,full_available_history,2028-06-01,,4.9719382581008755,,0.031771485083463565,False,-0.015561741899124293,4.976976433627818,-0.016017735742837047,0.03182339355858963,4.9875,-0.016970199874736025,0.03193181818181817,5.004470199874736,-0.01850613418827418,0.03210666266537606,adverse
"Local synthetic portfolio (25,000 loans)",production_full_history,full_available_history,2028-07-01,,4.9670435096513135,,0.031721054341862016,False,-0.015118729314987256,4.9719382581008755,-0.015561741899124293,0.031771485083463565,4.982162238966301,-0.016487091226067285,0.03187682306813764,4.998649330192368,-0.01797930047118257,0.03204669006864863,adverse
"Local synthetic portfolio (25,000 loans)",production_full_history,full_available_history,2028-08-01,,4.962288105188652,,0.031672059265580046,False,-0.01468832843916612,4.9670435096513135,-0.015118729314987256,0.031721054341862016,4.976976433627818,-0.016017735742837047,0.03182339355858963,4.992994169370655,-0.017467464687352496,0.031988424775334014,adverse
"Local synthetic portfolio (25,000 loans)",production_full_history,full_available_history,2028-09-01,,4.957668077860071,,0.03162445898401285,False,-0.014270180240804287,4.962288105188652,-0.01468832843916612,0.031672059265580046,4.9719382581008755,-0.015561741899124293,0.031771485083463565,4.9875,-0.016970199874736025,0.03193181818181817,adverse
"Local synthetic portfolio (25,000 loans)",production_full_history,full_available_history,2028-10-01,,4.953179573741353,,0.03157821379006242,False,-0.013863935909960823,4.957668077860071,-0.014270180240804287,0.03162445898401285,4.9670435096513135,-0.015118729314987256,0.031721054341862016,4.982162238966301,-0.016487091226067285,0.03187682306813764,adverse
"Local synthetic portfolio (25,000 loans)",production_full_history,full_available_history,2028-11-01,,4.948818848622018,,0.03153328510701473,False,-0.013469256566633447,4.953179573741353,-0.013863935909960823,0.03157821379006242,4.962288105188652,-0.01468832843916612,0.031672059265580046,4.976976433627818,-0.016017735742837047,0.03182339355858963,adverse
"Local synthetic portfolio (25,000 loans)",production_full_history,full_available_history,2028-12-01,,4.944582264881994,,0.03148963545635994,False,-0.013085812978077094,4.948818848622018,-0.013469256566633447,0.03153328510701473,4.957668077860071,-0.014270180240804287,0.03162445898401285,4.9719382581008755,-0.015561741899124293,0.031771485083463565,adverse
"Local synthetic portfolio (25,000 loans)",production_full_history,full_available_history,2019-01-01,2019Q1,4.7,199.0,0.0,True,-0.5890165710235529,5.26251369176064,0.0678342072911784,0.0409741572863872,5.289016571023553,0.1203145232618521,0.0610305255420792,5.168702047761701,0.06392753814730678,0.0446066410194316,severely_adverse
"Local synthetic portfolio (25,000 loans)",production_full_history,full_available_history,2019-02-01,2019Q1,4.7,199.0,0.0,True,-0.6168559541058629,4.7,-0.5890165710235529,0.0,5.316855954105863,0.16219983368663637,0.0578212674869129,5.154656120419227,0.014263149501918093,0.0587016716635857,severely_adverse
"Local synthetic portfolio (25,000 loans)",production_full_history,full_available_history,2019-03-01,2019Q1,4.7,199.0,0.0,True,-0.5625136917606399,4.7,-0.6168559541058629,0.0,5.26251369176064,0.0678342072911784,0.0409741572863872,5.194679484469462,0.02248485315933557,0.0531317086034572,severely_adverse
"Local synthetic portfolio (25,000 loans)",production_full_history,full_available_history,2019-04-01,2019Q2,6.3,193.0,-0.044554455445544594,True,1.5999999999999996,4.7,-0.5625136917606399,0.0,4.7,-0.5890165710235529,0.0,5.289016571023553,0.1203145232618521,0.0610305255420792,severely_adverse
"Local synthetic portfolio (25,000 loans)",production_full_history,full_available_history,2019-05-01,2019Q2,6.3,193.0,-0.044554455445544594,True,1.5999999999999996,6.3,1.5999999999999996,-0.044554455445544594,4.7,-0.6168559541058629,0.0,5.316855954105863,0.16219983368663637,0.0578212674869129,severely_adverse
"Local synthetic portfolio (25,000 loans)",production_full_history,full_available_history,2019-06-01,2019Q2,6.3,193.0,-0.044554455445544594,True,1.5999999999999996,6.3,1.5999999999999996,-0.044554455445544594,4.7,-0.5625136917606399,0.0,5.26251369176064,0.0678342072911784,0.0409741572863872,severely_adverse
"Local synthetic portfolio (25,000 loans)",production_full_history,full_available_history,2019-07-01,2019Q3,7.5,186.0,-0.08823529411764708,True,1.2000000000000002,6.3,1.5999999999999996,-0.044554455445544594,6.3,1.5999999999999996,-0.044554455445544594,4.7,-0.5890165710235529,0.0,severely_adverse
"Local synthetic portfolio (25,000 loans)",production_full_history,full_available_history,2019-08-01,2019Q3,7.5,186.0,-0.08823529411764708,True,1.2000000000000002,7.5,1.2000000000000002,-0.08823529411764708,6.3,1.5999999999999996,-0.044554455445544594,4.7,-0.6168559541058629,0.0,severely_adverse
"Local synthetic portfolio (25,000 loans)",production_full_history,full_available_history,2019-09-01,2019Q3,7.5,186.0,-0.08823529411764708,True,1.2000000000000002,7.5,1.2000000000000002,-0.08823529411764708,6.3,1.5999999999999996,-0.044554455445544594,4.7,-0.5625136917606399,0.0,severely_adverse
"Local synthetic portfolio (25,000 loans)",production_full_history,full_available_history,2019-10-01,2019Q4,8.4,178.0,-0.13170731707317074,True,0.9000000000000004,7.5,1.2000000000000002,-0.08823529411764708,7.5,1.2000000000000002,-0.08823529411764708,6.3,1.5999999999999996,-0.044554455445544594,severely_adverse
"Local synthetic portfolio (25,000 loans)",production_full_history,full_available_history,2019-11-01,2019Q4,8.4,178.0,-0.13170731707317074,True,0.9000000000000004,8.4,0.9000000000000004,-0.13170731707317074,7.5,1.2000000000000002,-0.08823529411764708,6.3,1.5999999999999996,-0.044554455445544594,severely_adverse
"Local synthetic portfolio (25,000 loans)",production_full_history,full_available_history,2019-12-01,2019Q4,8.4,178.0,-0.13170731707317074,True,0.9000000000000004,8.4,0.9000000000000004,-0.13170731707317074,7.5,1.2000000000000002,-0.08823529411764708,6.3,1.5999999999999996,-0.044554455445544594,severely_adverse
"Local synthetic portfolio (25,000 loans)",production_full_history,full_available_history,2020-01-01,2020Q1,9.2,170.0,-0.14572864321608037,True,0.7999999999999989,8.4,0.9000000000000004,-0.13170731707317074,8.4,0.9000000000000004,-0.13170731707317074,7.5,1.2000000000000002,-0.08823529411764708,severely_adverse
"Local synthetic portfolio (25,000 loans)",production_full_history,full_available_history,2020-02-01,2020Q1,9.2,170.0,-0.14572864321608037,True,0.7999999999999989,9.2,0.7999999999999989,-0.14572864321608037,8.4,0.9000000000000004,-0.13170731707317074,7.5,1.2000000000000002,-0.08823529411764708,severely_adverse
"Local synthetic portfolio (25,000 loans)",production_full_history,full_available_history,2020-03-01,2020Q1,9.2,170.0,-0.14572864321608037,True,0.7999999999999989,9.2,0.7999999999999989,-0.14572864321608037,8.4,0.9000000000000004,-0.13170731707317074,7.5,1.2000000000000002,-0.08823529411764708,severely_adverse
"Local synthetic portfolio (25,000 loans)",production_full_history,full_available_history,2020-04-01,2020Q2,9.7,163.0,-0.15544041450777202,True,0.5,9.2,0.7999999999999989,-0.14572864321608037,9.2,0.7999999999999989,-0.14572864321608037,8.4,0.9000000000000004,-0.13170731707317074,severely_adverse
"Local synthetic portfolio (25,000 loans)",production_full_history,full_available_history,2020-05-01,2020Q2,9.7,163.0,-0.15544041450777202,True,0.5,9.7,0.5,-0.15544041450777202,9.2,0.7999999999999989,-0.14572864321608037,8.4,0.9000000000000004,-0.13170731707317074,severely_adverse
"Local synthetic portfolio (25,000 loans)",production_full_history,full_available_history,2020-06-01,2020Q2,9.7,163.0,-0.15544041450777202,True,0.5,9.7,0.5,-0.15544041450777202,9.2,0.7999999999999989,-0.14572864321608037,8.4,0.9000000000000004,-0.13170731707317074,severely_adverse
"Local synthetic portfolio (25,000 loans)",production_full_history,full_available_history,2020-07-01,2020Q3,10.0,156.0,-0.16129032258064513,True,0.3000000000000007,9.7,0.5,-0.15544041450777202,9.7,0.5,-0.15544041450777202,9.2,0.7999999999999989,-0.14572864321608037,severely_adverse
"Local synthetic portfolio (25,000 loans)",production_full_history,full_available_history,2020-08-01,2020Q3,10.0,156.0,-0.16129032258064513,True,0.3000000000000007,10.0,0.3000000000000007,-0.16129032258064513,9.7,0.5,-0.15544041450777202,9.2,0.7999999999999989,-0.14572864321608037,severely_adverse
"Local synthetic portfolio (25,000 loans)",production_full_history,full_available_history,2020-09-01,2020Q3,10.0,156.0,-0.16129032258064513,True,0.3000000000000007,10.0,0.3000000000000007,-0.16129032258064513,9.7,0.5,-0.15544041450777202,9.2,0.7999999999999989,-0.14572864321608037,severely_adverse
"Local synthetic portfolio (25,000 loans)",production_full_history,full_available_history,2020-10-01,2020Q4,9.9,152.0,-0.1460674157303371,True,-0.09999999999999964,10.0,0.3000000000000007,-0.16129032258064513,10.0,0.3000000000000007,-0.16129032258064513,9.7,0.5,-0.15544041450777202,severely_adverse
"Local synthetic portfolio (25,000 loans)",production_full_history,full_available_history,2020-11-01,2020Q4,9.9,152.0,-0.1460674157303371,True,-0.09999999999999964,9.9,-0.09999999999999964,-0.1460674157303371,10.0,0.3000000000000007,-0.16129032258064513,9.7,0.5,-0.15544041450777202,severely_adverse
"Local synthetic portfolio (25,000 loans)",production_full_history,full_available_history,2020-12-01,2020Q4,9.9,152.0,-0.1460674157303371,True,-0.09999999999999964,9.9,-0.09999999999999964,-0.1460674157303371,10.0,0.3000000000000007,-0.16129032258064513,9.7,0.5,-0.15544041450777202,severely_adverse
"Local synthetic portfolio (25,000 loans)",production_full_history,full_available_history,2021-01-01,2021Q1,9.7,151.0,-0.11176470588235299,True,-0.20000000000000107,9.9,-0.09999999999999964,-0.1460674157303371,9.9,-0.09999999999999964,-0.1460674157303371,10.0,0.3000000000000007,-0.16129032258064513,severely_adverse
"Local synthetic portfolio (25,000 loans)",production_full_history,full_available_history,2021-02-01,2021Q1,9.7,151.0,-0.11176470588235299,True,-0.20000000000000107,9.7,-0.20000000000000107,-0.11176470588235299,9.9,-0.09999999999999964,-0.1460674157303371,10.0,0.3000000000000007,-0.16129032258064513,severely_adverse
"Local synthetic portfolio (25,000 loans)",production_full_history,full_available_history,2021-03-01,2021Q1,9.7,151.0,-0.11176470588235299,True,-0.20000000000000107,9.7,-0.20000000000000107,-0.11176470588235299,9.9,-0.09999999999999964,-0.1460674157303371,10.0,0.3000000000000007,-0.16129032258064513,severely_adverse
"Local synthetic portfolio (25,000 loans)",production_full_history,full_available_history,2021-04-01,2021Q2,9.5,153.0,-0.06134969325153372,True,-0.1999999999999993,9.7,-0.20000000000000107,-0.11176470588235299,9.7,-0.20000000000000107,-0.11176470588235299,9.9,-0.09999999999999964,-0.1460674157303371,severely_adverse
"Local synthetic portfolio (25,000 loans)",production_full_history,full_available_history,2021-05-01,2021Q2,9.5,153.0,-0.06134969325153372,True,-0.1999999999999993,9.5,-0.1999999999999993,-0.06134969325153372,9.7,-0.20000000000000107,-0.11176470588235299,9.9,-0.09999999999999964,-0.1460674157303371,severely_adverse
"Local synthetic portfolio (25,000 loans)",production_full_history,full_available_history,2021-06-01,2021Q2,9.5,153.0,-0.06134969325153372,True,-0.1999999999999993,9.5,-0.1999999999999993,-0.06134969325153372,9.7,-0.20000000000000107,-0.11176470588235299,9.9,-0.09999999999999964,-0.1460674157303371,severely_adverse
"Local synthetic portfolio (25,000 loans)",production_full_history,full_available_history,2021-07-01,2021Q3,9.2,154.0,-0.012820512820512775,True,-0.3000000000000007,9.5,-0.1999999999999993,-0.06134969325153372,9.5,-0.1999999999999993,-0.06134969325153372,9.7,-0.20000000000000107,-0.11176470588235299,severely_adverse
"Local synthetic portfolio (25,000 loans)",production_full_history,full_available_history,2021-08-01,2021Q3,9.2,154.0,-0.012820512820512775,True,-0.3000000000000007,9.2,-0.3000000000000007,-0.012820512820512775,9.5,-0.1999999999999993,-0.06134969325153372,9.7,-0.20000000000000107,-0.11176470588235299,severely_adverse
"Local synthetic portfolio (25,000 loans)",production_full_history,full_available_history,2021-09-01,2021Q3,9.2,154.0,-0.012820512820512775,True,-0.3000000000000007,9.2,-0.3000000000000007,-0.012820512820512775,9.5,-0.1999999999999993,-0.06134969325153372,9.7,-0.20000000000000107,-0.11176470588235299,severely_adverse
"Local synthetic portfolio (25,000 loans)",production_full_history,full_available_history,2021-10-01,2021Q4,8.9,157.0,0.03289473684210531,True,-0.29999999999999893,9.2,-0.3000000000000007,-0.012820512820512775,9.2,-0.3000000000000007,-0.012820512820512775,9.5,-0.1999999999999993,-0.06134969325153372,severely_adverse
"Local synthetic portfolio (25,000 loans)",production_full_history,full_available_history,2021-11-01,2021Q4,8.9,157.0,0.03289473684210531,True,-0.29999999999999893,8.9,-0.29999999999999893,0.03289473684210531,9.2,-0.3000000000000007,-0.012820512820512775,9.5,-0.1999999999999993,-0.06134969325153372,severely_adverse
"Local synthetic portfolio (25,000 loans)",production_full_history,full_available_history,2021-12-01,2021Q4,8.9,157.0,0.03289473684210531,True,-0.29999999999999893,8.9,-0.29999999999999893,0.03289473684210531,9.2,-0.3000000000000007,-0.012820512820512775,9.5,-0.1999999999999993,-0.06134969325153372,severely_adverse
"Local synthetic portfolio (25,000 loans)",production_full_history,full_available_history,2022-01-01,2022Q1,8.6,160.0,0.0596026490066226,True,-0.3000000000000007,8.9,-0.29999999999999893,0.03289473684210531,8.9,-0.29999999999999893,0.03289473684210531,9.2,-0.3000000000000007,-0.012820512820512775,severely_adverse
"Local synthetic portfolio (25,000 loans)",production_full_history,full_available_history,2022-02-01,2022Q1,8.6,160.0,0.0596026490066226,True,-0.3000000000000007,8.6,-0.3000000000000007,0.0596026490066226,8.9,-0.29999999999999893,0.03289473684210531,9.2,-0.3000000000000007,-0.012820512820512775,severely_adverse
"Local synthetic portfolio (25,000 loans)",production_full_history,full_available_history,2022-03-01,2022Q1,8.6,160.0,0.0596026490066226,True,-0.3000000000000007,8.6,-0.3000000000000007,0.0596026490066226,8.9,-0.29999999999999893,0.03289473684210531,9.2,-0.3000000000000007,-0.012820512820512775,severely_adverse
"Local synthetic portfolio (25,000 loans)",production_full_history,full_available_history,2022-04-01,,8.491821376383701,,0.05875991905269291,False,-0.10817862361629871,8.6,-0.3000000000000007,0.0596026490066226,8.6,-0.3000000000000007,0.0596026490066226,8.9,-0.29999999999999893,0.03289473684210531,severely_adverse
"Local synthetic portfolio (25,000 loans)",production_full_history,full_available_history,2022-05-01,,8.386722388190435,,0.05794117998468332,False,-0.2132776118095645,8.491821376383701,-0.10817862361629871,0.05875991905269291,8.6,-0.3000000000000007,0.0596026490066226,8.9,-0.29999999999999893,0.03289473684210531,severely_adverse
"Local synthetic portfolio (25,000 loans)",production_full_history,full_available_history,2022-06-01,,8.28461536417775,,0.057145748828641665,False,-0.31538463582224985,8.386722388190435,-0.2132776118095645,0.05794117998468332,8.6,-0.3000000000000007,0.0596026490066226,8.9,-0.29999999999999893,0.03289473684210531,severely_adverse
"Local synthetic portfolio (25,000 loans)",production_full_history,full_available_history,2022-07-01,,8.18541512893329,,0.05637296205355846,False,-0.30640624745041123,8.28461536417775,-0.31538463582224985,0.057145748828641665,8.491821376383701,-0.10817862361629871,0.05875991905269291,8.6,-0.3000000000000007,0.0596026490066226,severely_adverse
"Local synthetic portfolio (25,000 loans)",production_full_history,full_available_history,2022-08-01,,8.089038931823342,,0.05562217501786404,False,-0.2976834563670927,8.18541512893329,-0.30640624745041123,0.05637296205355846,8.386722388190435,-0.2132776118095645,0.05794117998468332,8.6,-0.3000000000000007,0.0596026490066226,severely_adverse
"Local synthetic portfolio (25,000 loans)",production_full_history,full_available_history,2022-09-01,,7.995406377964114,,0.054892761431682875,False,-0.28920898621363555,8.089038931823342,-0.2976834563670927,0.05562217501786404,8.28461536417775,-0.31538463582224985,0.057145748828641665,8.6,-0.3000000000000007,0.0596026490066226,severely_adverse
"Local synthetic portfolio (25,000 loans)",production_full_history,full_available_history,2022-10-01,,7.904439361158089,,0.054184112834396475,False,-0.2809757677752005,7.995406377964114,-0.28920898621363555,0.054892761431682875,8.18541512893329,-0.30640624745041123,0.05637296205355846,8.491821376383701,-0.10817862361629871,0.05875991905269291,severely_adverse
"Local synthetic portfolio (25,000 loans)",production_full_history,full_available_history,2022-11-01,,7.816061998739579,,0.05349563808707905,False,-0.27297693308376303,7.904439361158089,-0.2809757677752005,0.054184112834396475,8.089038931823342,-0.2976834563670927,0.05562217501786404,8.386722388190435,-0.2132776118095645,0.05794117998468332,severely_adverse
"Local synthetic portfolio (25,000 loans)",production_full_history,full_available_history,2022-12-01,,7.730200568275087,,0.0528267628793825,False,-0.26520580968902685,7.816061998739579,-0.27297693308376303,0.05349563808707905,7.995406377964114,-0.28920898621363555,0.054892761431682875,8.28461536417775,-0.31538463582224985,0.057145748828641665,severely_adverse
"Local synthetic portfolio (25,000 loans)",production_full_history,full_available_history,2023-01-01,,7.646783446065695,,0.05217692925045955,False,-0.2576559150923945,7.730200568275087,-0.26520580968902685,0.0528267628793825,7.904439361158089,-0.2809757677752005,0.054184112834396475,8.18541512893329,-0.30640624745041123,0.05637296205355846,severely_adverse
"Local synthetic portfolio (25,000 loans)",production_full_history,full_available_history,2023-02-01,,7.565741047400156,,0.05154559512352515,False,-0.25032095133942356,7.646783446065695,-0.2576559150923945,0.05217692925045955,7.816061998739579,-0.27297693308376303,0.05349563808707905,8.089038931823342,-0.2976834563670927,0.05562217501786404,severely_adverse
"Local synthetic portfolio (25,000 loans)",production_full_history,full_available_history,2023-03-01,,7.48700576850888,,0.05093223385366806,False,-0.24319479976620695,7.565741047400156,-0.25032095133942356,0.05154559512352515,7.730200568275087,-0.26520580968902685,0.0528267628793825,7.995406377964114,-0.28920898621363555,0.054892761431682875,severely_adverse
"Local synthetic portfolio (25,000 loans)",production_full_history,full_available_history,2023-04-01,,7.410511930170369,,0.050336333788535345,False,-0.2362715158953259,7.48700576850888,-0.24319479976620695,0.05093223385366806,7.646783446065695,-0.2576559150923945,0.05217692925045955,7.904439361158089,-0.2809757677752005,0.054184112834396475,severely_adverse
"Local synthetic portfolio (25,000 loans)",production_full_history,full_available_history,2023-05-01,,7.336195722923065,,0.049757397841523415,False,-0.22954532447709042,7.410511930170369,-0.2362715158953259,0.050336333788535345,7.565741047400156,-0.25032095133942356,0.05154559512352515,7.816061998739579,-0.27297693308376303,0.05349563808707905,severely_adverse
"Local synthetic portfolio (25,000 loans)",production_full_history,full_available_history,2023-06-01,,7.263995153836918,,0.0491949430771193,False,-0.2230106146719626,7.336195722923065,-0.22954532447709042,0.049757397841523415,7.48700576850888,-0.24319479976620695,0.05093223385366806,7.730200568275087,-0.26520580968902685,0.0528267628793825,severely_adverse
"Local synthetic portfolio (25,000 loans)",production_full_history,full_available_history,2023-07-01,,7.193849994800258,,0.04864850030804668,False,-0.21666193537011047,7.263995153836918,-0.2230106146719626,0.0491949430771193,7.410511930170369,-0.2362715158953259,0.050336333788535345,7.646783446065695,-0.2576559150923945,0.05217692925045955,severely_adverse
"Local synthetic portfolio (25,000 loans)",production_full_history,full_available_history,2023-08-01,,7.125701732278845,,0.04811761370388021,False,-0.21049399064422047,7.193849994800258,-0.21666193537011047,0.04864850030804668,7.336195722923065,-0.22954532447709042,0.049757397841523415,7.565741047400156,-0.25032095133942356,0.05154559512352515,severely_adverse
"Local synthetic portfolio (25,000 loans)",production_full_history,full_available_history,2023-09-01,,7.059493518505169,,0.04760184041080191,False,-0.2045016353317486,7.125701732278845,-0.21049399064422047,0.04811761370388021,7.263995153836918,-0.2230106146719626,0.0491949430771193,7.48700576850888,-0.24319479976620695,0.05093223385366806,severely_adverse
"Local synthetic portfolio (25,000 loans)",production_full_history,full_available_history,2023-10-01,,6.995170124057318,,0.04710075018218236,False,-0.19867987074294025,7.059493518505169,-0.2045016353317486,0.04760184041080191,7.193849994800258,-0.21666193537011047,0.04864850030804668,7.410511930170369,-0.2362715158953259,0.050336333788535345,severely_adverse
"Local synthetic portfolio (25,000 loans)",production_full_history,full_available_history,2023-11-01,,6.932677891787808,,0.04661392501967851,False,-0.19302384049103694,6.995170124057318,-0.19867987074294025,0.04710075018218236,7.125701732278845,-0.21049399064422047,0.04811761370388021,7.336195722923065,-0.22954532447709042,0.049757397841523415,severely_adverse
"Local synthetic portfolio (25,000 loans)",production_full_history,full_available_history,2023-12-01,,6.871964692063989,,0.04614095882454873,False,-0.18752882644117985,6.932677891787808,-0.19302384049103694,0.04661392501967851,7.059493518505169,-0.2045016353317486,0.04760184041080191,7.263995153836918,-0.2230106146719626,0.0491949430771193,severely_adverse
"Local synthetic portfolio (25,000 loans)",production_full_history,full_available_history,2024-01-01,,6.812979879282661,,0.045681457058894245,False,-0.18219024477465684,6.871964692063989,-0.18752882644117985,0.04614095882454873,6.995170124057318,-0.19867987074294025,0.04710075018218236,7.193849994800258,-0.21666193537011047,0.04864850030804668,severely_adverse
"Local synthetic portfolio (25,000 loans)",production_full_history,full_available_history,2024-02-01,,6.7556742496226345,,0.045235036416544444,False,-0.1770036421651735,6.812979879282661,-0.18219024477465684,0.045681457058894245,6.932677891787808,-0.19302384049103694,0.04661392501967851,7.125701732278845,-0.21049399064422047,0.04811761370388021,severely_adverse
"Local synthetic portfolio (25,000 loans)",production_full_history,full_available_history,2024-03-01,,6.699999999999999,,0.0448013245033113,False,-0.17196469206399012,6.7556742496226345,-0.1770036421651735,0.045235036416544444,6.871964692063989,-0.18752882644117985,0.04614095882454873,7.059493518505169,-0.2045016353317486,0.04760184041080191,severely_adverse
"Local synthetic portfolio (25,000 loans)",production_full_history,full_available_history,2024-04-01,,6.645910688191851,,0.044379959526346456,False,-0.16706919109081042,6.699999999999999,-0.17196469206399012,0.0448013245033113,6.812979879282661,-0.18219024477465684,0.045681457058894245,6.995170124057318,-0.19867987074294025,0.04710075018218236,severely_adverse
"Local synthetic portfolio (25,000 loans)",production_full_history,full_available_history,2024-05-01,,6.593361194095218,,0.04397058999234166,False,-0.1623130555274166,6.645910688191851,-0.16706919109081042,0.044379959526346456,6.7556742496226345,-0.1770036421651735,0.045235036416544444,6.932677891787808,-0.19302384049103694,0.04661392501967851,severely_adverse
"Local synthetic portfolio (25,000 loans)",production_full_history,full_available_history,2024-06-01,,6.542307682088875,,0.04357287441432083,False,-0.15769231791112404,6.593361194095218,-0.1623130555274166,0.04397058999234166,6.699999999999999,-0.17196469206399012,0.0448013245033113,6.871964692063989,-0.18752882644117985,0.04614095882454873,severely_adverse
"Local synthetic portfolio (25,000 loans)",production_full_history,full_available_history,2024-07-01,,6.492707564466644,,0.04318648102677923,False,-0.1532031237252065,6.542307682088875,-0.15769231791112404,0.04357287441432083,6.645910688191851,-0.16706919109081042,0.044379959526346456,6.812979879282661,-0.18219024477465684,0.045681457058894245,severely_adverse
"Local synthetic portfolio (25,000 loans)",production_full_history,full_available_history,2024-08-01,,6.444519465911672,,0.04281108750893202,False,-0.14884172818354635,6.492707564466644,-0.1532031237252065,0.04318648102677923,6.593361194095218,-0.1623130555274166,0.04397058999234166,6.7556742496226345,-0.1770036421651735,0.045235036416544444,severely_adverse
"Local synthetic portfolio (25,000 loans)",production_full_history,full_available_history,2024-09-01,,6.3977031889820575,,0.042446380715841434,False,-0.14460449310681778,6.444519465911672,-0.14884172818354635,0.04281108750893202,6.542307682088875,-0.15769231791112404,0.04357287441432083,6.699999999999999,-0.17196469206399012,0.0448013245033113,severely_adverse
"Local synthetic portfolio (25,000 loans)",production_full_history,full_available_history,2024-10-01,,6.3522196805790445,,0.04209205641719824,False,-0.1404878838875998,6.3977031889820575,-0.14460449310681778,0.042446380715841434,6.492707564466644,-0.1532031237252065,0.04318648102677923,6.645910688191851,-0.16706919109081042,0.044379959526346456,severely_adverse
"Local synthetic portfolio (25,000 loans)",production_full_history,full_available_history,2024-11-01,,6.308030999369789,,0.041747819043539525,False,-0.1364884665418824,6.3522196805790445,-0.1404878838875998,0.04209205641719824,6.444519465911672,-0.14884172818354635,0.04281108750893202,6.593361194095218,-0.1623130555274166,0.04397058999234166,severely_adverse
"Local synthetic portfolio (25,000 loans)",production_full_history,full_available_history,2024-12-01,,6.265100284137543,,0.04141338143969125,False,-0.1326029048445143,6.308030999369789,-0.1364884665418824,0.041747819043539525,6.3977031889820575,-0.14460449310681778,0.042446380715841434,6.542307682088875,-0.15769231791112404,0.04357287441432083,severely_adverse
"Local synthetic portfolio (25,000 loans)",production_full_history,full_available_history,2025-01-01,,6.223391723032847,,0.041088464625229776,False,-0.12882795754619725,6.265100284137543,-0.1326029048445143,0.04141338143969125,6.3522196805790445,-0.1404878838875998,0.04209205641719824,6.492707564466644,-0.1532031237252065,0.04318648102677923,severely_adverse
"Local synthetic portfolio (25,000 loans)",production_full_history,full_available_history,2025-02-01,,6.182870523700078,,0.040772797561762573,False,-0.1251604756697109,6.223391723032847,-0.12882795754619725,0.041088464625229776,6.308030999369789,-0.1364884665418824,0.041747819043539525,6.444519465911672,-0.14884172818354635,0.04281108750893202,severely_adverse
"Local synthetic portfolio (25,000 loans)",production_full_history,full_available_history,2025-03-01,,6.14350288425444,,0.04046611692683403,False,-0.12159739988310303,6.182870523700078,-0.1251604756697109,0.040772797561762573,6.265100284137543,-0.1326029048445143,0.04141338143969125,6.3977031889820575,-0.14460449310681778,0.042446380715841434,severely_adverse
"Local synthetic portfolio (25,000 loans)",production_full_history,full_available_history,2025-04-01,,6.105255965085185,,0.04016816689426767,False,-0.11813575794766251,6.14350288425444,-0.12159739988310303,0.04046611692683403,6.223391723032847,-0.12882795754619725,0.041088464625229776,6.3522196805790445,-0.1404878838875998,0.04209205641719824,severely_adverse
"Local synthetic portfolio (25,000 loans)",production_full_history,full_available_history,2025-05-01,,6.068097861461532,,0.03987869892076171,False,-0.1147726622385461,6.105255965085185,-0.11813575794766251,0.04016816689426767,6.182870523700078,-0.1251604756697109,0.040772797561762573,6.308030999369789,-0.1364884665418824,0.041747819043539525,severely_adverse
"Local synthetic portfolio (25,000 loans)",production_full_history,full_available_history,2025-06-01,,6.031997576918458,,0.03959747153855965,False,-0.11150530733598174,6.068097861461532,-0.1147726622385461,0.03987869892076171,6.14350288425444,-0.12159739988310303,0.04046611692683403,6.265100284137543,-0.1326029048445143,0.04141338143969125,severely_adverse
"Local synthetic portfolio (25,000 loans)",production_full_history,full_available_history,2025-07-01,,5.9969249974001295,,0.03932425015402334,False,-0.10833096768505523,6.031997576918458,-0.11150530733598174,0.03959747153855965,6.105255965085185,-0.11813575794766251,0.04016816689426767,6.223391723032847,-0.12882795754619725,0.041088464625229776,severely_adverse
"Local synthetic portfolio (25,000 loans)",production_full_history,full_available_history,2025-08-01,,5.962850866139423,,0.0390588068519401,False,-0.10524699532210935,5.9969249974001295,-0.10833096768505523,0.03932425015402334,6.068097861461532,-0.1147726622385461,0.03987869892076171,6.182870523700078,-0.1251604756697109,0.040772797561762573,severely_adverse
"Local synthetic portfolio (25,000 loans)",production_full_history,full_available_history,2025-09-01,,5.929746759252585,,0.038800920205400956,False,-0.1022508176658734,5.962850866139423,-0.10524699532210935,0.0390588068519401,6.031997576918458,-0.11150530733598174,0.03959747153855965,6.14350288425444,-0.12159739988310303,0.04046611692683403,severely_adverse
"Local synthetic portfolio (25,000 loans)",production_full_history,full_available_history,2025-10-01,,5.897585062028659,,0.03855037509109118,False,-0.09933993537147057,5.929746759252585,-0.1022508176658734,0.038800920205400956,5.9969249974001295,-0.10833096768505523,0.03932425015402334,6.105255965085185,-0.11813575794766251,0.04016816689426767,severely_adverse
"Local synthetic portfolio (25,000 loans)",production_full_history,full_available_history,2025-11-01,,5.866338945893904,,0.038306962509839254,False,-0.09651192024551847,5.897585062028659,-0.09933993537147057,0.03855037509109118,5.962850866139423,-0.10524699532210935,0.0390588068519401,6.068097861461532,-0.1147726622385461,0.03987869892076171,severely_adverse
"Local synthetic portfolio (25,000 loans)",production_full_history,full_available_history,2025-12-01,,5.835982346031995,,0.038070479412274365,False,-0.09376441322059037,5.866338945893904,-0.09651192024551847,0.038306962509839254,5.929746759252585,-0.1022508176658734,0.038800920205400956,6.031997576918458,-0.11150530733598174,0.03959747153855965,severely_adverse
"Local synthetic portfolio (25,000 loans)",production_full_history,full_available_history,2026-01-01,,5.80648993964133,,0.03784072852944712,False,-0.09109512238732886,5.835982346031995,-0.09376441322059037,0.038070479412274365,5.897585062028659,-0.09933993537147057,0.03855037509109118,5.9969249974001295,-0.10833096768505523,0.03932425015402334,severely_adverse
"Local synthetic portfolio (25,000 loans)",production_full_history,full_available_history,2026-02-01,,5.777837124811318,,0.03761751820827222,False,-0.08850182108258675,5.80648993964133,-0.09109512238732886,0.03784072852944712,5.866338945893904,-0.09651192024551847,0.038306962509839254,5.962850866139423,-0.10524699532210935,0.0390588068519401,severely_adverse
"Local synthetic portfolio (25,000 loans)",production_full_history,full_available_history,2026-03-01,,5.75,,0.03740066225165565,False,-0.08598234603199462,5.777837124811318,-0.08850182108258675,0.03761751820827222,5.835982346031995,-0.09376441322059037,0.038070479412274365,5.929746759252585,-0.1022508176658734,0.038800920205400956,severely_adverse
"Local synthetic portfolio (25,000 loans)",production_full_history,full_available_history,2026-04-01,,5.722955344095926,,0.03718997976317323,False,-0.08353459554540432,5.75,-0.08598234603199462,0.03740066225165565,5.80648993964133,-0.09109512238732886,0.03784072852944712,5.897585062028659,-0.09933993537147057,0.03855037509109118,severely_adverse
"Local synthetic portfolio (25,000 loans)",production_full_history,full_available_history,2026-05-01,,5.696680597047608,,0.03698529499617083,False,-0.08115652776370919,5.722955344095926,-0.08353459554540432,0.03718997976317323,5.777837124811318,-0.08850182108258675,0.03761751820827222,5.866338945893904,-0.09651192024551847,0.038306962509839254,severely_adverse
"Local synthetic portfolio (25,000 loans)",production_full_history,full_available_history,2026-06-01,,5.671153841044437,,0.03678643720716042,False,-0.0788461589555629,5.696680597047608,-0.08115652776370919,0.03698529499617083,5.75,-0.08598234603199462,0.03740066225165565,5.835982346031995,-0.09376441322059037,0.038070479412274365,severely_adverse
"Local synthetic portfolio (25,000 loans)",production_full_history,full_available_history,2026-07-01,,5.646353782233322,,0.036593240513389615,False,-0.0766015618626037,5.671153841044437,-0.0788461589555629,0.03678643720716042,5.722955344095926,-0.08353459554540432,0.03718997976317323,5.80648993964133,-0.09109512238732886,0.03784072852944712,severely_adverse
"Local synthetic portfolio (25,000 loans)",production_full_history,full_available_history,2026-08-01,,5.622259732955835,,0.03640554375446601,False,-0.07442086409177318,5.646353782233322,-0.0766015618626037,0.036593240513389615,5.696680597047608,-0.08115652776370919,0.03698529499617083,5.777837124811318,-0.08850182108258675,0.03761751820827222,severely_adverse
"Local synthetic portfolio (25,000 loans)",production_full_history,full_available_history,2026-09-01,,5.598851594491029,,0.036223190357920716,False,-0.07230224655340844,5.622259732955835,-0.07442086409177318,0.03640554375446601,5.671153841044437,-0.0788461589555629,0.03678643720716042,5.75,-0.08598234603199462,0.03740066225165565,severely_adverse
"Local synthetic portfolio (25,000 loans)",production_full_history,full_available_history,2026-10-01,,5.576109840289522,,0.03604602820859912,False,-0.0702439419437999,5.598851594491029,-0.07230224655340844,0.036223190357920716,5.646353782233322,-0.0766015618626037,0.036593240513389615,5.722955344095926,-0.08353459554540432,0.03718997976317323,severely_adverse
"Local synthetic portfolio (25,000 loans)",production_full_history,full_available_history,2026-11-01,,5.554015499684894,,0.03587390952176976,False,-0.0682442332709412,5.576109840289522,-0.0702439419437999,0.03604602820859912,5.622259732955835,-0.07442086409177318,0.03640554375446601,5.696680597047608,-0.08115652776370919,0.03698529499617083,severely_adverse
"Local synthetic portfolio (25,000 loans)",production_full_history,full_available_history,2026-12-01,,5.5325501420687715,,0.03570669071984563,False,-0.06630145242225716,5.554015499684894,-0.0682442332709412,0.03587390952176976,5.598851594491029,-0.07230224655340844,0.036223190357920716,5.671153841044437,-0.0788461589555629,0.03678643720716042,severely_adverse
"Local synthetic portfolio (25,000 loans)",production_full_history,full_available_history,2027-01-01,,5.511695861516424,,0.03554423231261489,False,-0.06441397877309818,5.5325501420687715,-0.06630145242225716,0.03570669071984563,5.576109840289522,-0.0702439419437999,0.03604602820859912,5.646353782233322,-0.0766015618626037,0.036593240513389615,severely_adverse
"Local synthetic portfolio (25,000 loans)",production_full_history,full_available_history,2027-02-01,,5.491435261850039,,0.03538639878088129,False,-0.06258023783485545,5.511695861516424,-0.06441397877309818,0.03554423231261489,5.554015499684894,-0.0682442332709412,0.03587390952176976,5.622259732955835,-0.07442086409177318,0.03640554375446601,severely_adverse
"Local synthetic portfolio (25,000 loans)",production_full_history,full_available_history,2027-03-01,,5.4717514421272195,,0.03523305846341701,False,-0.06079869994155196,5.491435261850039,-0.06258023783485545,0.03538639878088129,5.5325501420687715,-0.06630145242225716,0.03570669071984563,5.598851594491029,-0.07230224655340844,0.036223190357920716,severely_adverse
"Local synthetic portfolio (25,000 loans)",production_full_history,full_available_history,2027-04-01,,5.452627982542592,,0.03508408344713384,False,-0.059067878973832144,5.4717514421272195,-0.06079869994155196,0.03523305846341701,5.511695861516424,-0.06441397877309818,0.03554423231261489,5.576109840289522,-0.0702439419437999,0.03604602820859912,severely_adverse
"Local synthetic portfolio (25,000 loans)",production_full_history,full_available_history,2027-05-01,,5.434048930730766,,0.03493934946038085,False,-0.057386331119272604,5.452627982542592,-0.059067878973832144,0.03508408344713384,5.491435261850039,-0.06258023783485545,0.03538639878088129,5.554015499684894,-0.0682442332709412,0.03587390952176976,severely_adverse
"Local synthetic portfolio (25,000 loans)",production_full_history,full_available_history,2027-06-01,,5.4159987884592296,,0.034798735769279825,False,-0.05575265366798998,5.434048930730766,-0.057386331119272604,0.03493934946038085,5.4717514421272195,-0.06079869994155196,0.03523305846341701,5.5325501420687715,-0.06630145242225716,0.03570669071984563,severely_adverse
"Local synthetic portfolio (25,000 loans)",production_full_history,full_available_history,2027-07-01,,5.398462498700065,,0.03466212507701167,False,-0.05416548384252717,5.4159987884592296,-0.05575265366798998,0.034798735769279825,5.452627982542592,-0.059067878973832144,0.03508408344713384,5.511695861516424,-0.06441397877309818,0.03554423231261489,severely_adverse
"Local synthetic portfolio (25,000 loans)",production_full_history,full_available_history,2027-08-01,,5.381425433069711,,0.03452940342597005,False,-0.05262349766105512,5.398462498700065,-0.05416548384252717,0.03466212507701167,5.434048930730766,-0.057386331119272604,0.03493934946038085,5.491435261850039,-0.06258023783485545,0.03538639878088129,severely_adverse
"Local synthetic portfolio (25,000 loans)",production_full_history,full_available_history,2027-09-01,,5.364873379626292,,0.03440046010270048,False,-0.05112540883293715,5.381425433069711,-0.05262349766105512,0.03452940342597005,5.4159987884592296,-0.05575265366798998,0.034798735769279825,5.4717514421272195,-0.06079869994155196,0.03523305846341701,severely_adverse
"Local synthetic portfolio (25,000 loans)",production_full_history,full_available_history,2027-10-01,,5.34879253101433,,0.03427518754554559,False,-0.04966996768573484,5.364873379626292,-0.05112540883293715,0.03440046010270048,5.398462498700065,-0.05416548384252717,0.03466212507701167,5.452627982542592,-0.059067878973832144,0.03508408344713384,severely_adverse
"Local synthetic portfolio (25,000 loans)",production_full_history,full_available_history,2027-11-01,,5.333169472946952,,0.034153481254919626,False,-0.048255960122759234,5.34879253101433,-0.04966996768573484,0.03427518754554559,5.381425433069711,-0.05262349766105512,0.03452940342597005,5.434048930730766,-0.057386331119272604,0.03493934946038085,severely_adverse
"Local synthetic portfolio (25,000 loans)",production_full_history,full_available_history,2027-12-01,,5.317991173015997,,0.03403523970613718,False,-0.046882206610295185,5.333169472946952,-0.048255960122759234,0.034153481254919626,5.364873379626292,-0.05112540883293715,0.03440046010270048,5.4159987884592296,-0.05575265366798998,0.034798735769279825,severely_adverse
"Local synthetic portfolio (25,000 loans)",production_full_history,full_available_history,2028-01-01,,5.303244969820665,,0.033920364264723564,False,-0.045547561193664876,5.317991173015997,-0.046882206610295185,0.03403523970613718,5.34879253101433,-0.04966996768573484,0.03427518754554559,5.398462498700065,-0.05416548384252717,0.03466212507701167,severely_adverse
"Local synthetic portfolio (25,000 loans)",production_full_history,full_available_history,2028-02-01,,5.288918562405659,,0.03380875910413611,False,-0.04425091054129293,5.303244969820665,-0.045547561193664876,0.033920364264723564,5.333169472946952,-0.048255960122759234,0.034153481254919626,5.381425433069711,-0.05262349766105512,0.03452940342597005,severely_adverse
"Local synthetic portfolio (25,000 loans)",production_full_history,full_available_history,2028-03-01,,5.2749999999999995,,0.03370033112582782,False,-0.04299117301599775,5.288918562405659,-0.04425091054129293,0.03380875910413611,5.317991173015997,-0.046882206610295185,0.03403523970613718,5.364873379626292,-0.05112540883293715,0.03440046010270048,severely_adverse
"Local synthetic portfolio (25,000 loans)",production_full_history,full_available_history,2028-04-01,,5.261477672047962,,0.033594989881586615,False,-0.041767297772702605,5.2749999999999995,-0.04299117301599775,0.03370033112582782,5.303244969820665,-0.045547561193664876,0.033920364264723564,5.34879253101433,-0.04966996768573484,0.03427518754554559,severely_adverse
"Local synthetic portfolio (25,000 loans)",production_full_history,full_available_history,2028-05-01,,5.248340298523805,,0.033492647498085414,False,-0.04057826388185415,5.261477672047962,-0.041767297772702605,0.033594989881586615,5.288918562405659,-0.04425091054129293,0.03380875910413611,5.333169472946952,-0.048255960122759234,0.034153481254919626,severely_adverse
"Local synthetic portfolio (25,000 loans)",production_full_history,full_available_history,2028-06-01,,5.2355769205222185,,0.03339321860358021,False,-0.03942307947778101,5.248340298523805,-0.04057826388185415,0.033492647498085414,5.2749999999999995,-0.04299117301599775,0.03370033112582782,5.317991173015997,-0.046882206610295185,0.03403523970613718,severely_adverse
"Local synthetic portfolio (25,000 loans)",production_full_history,full_available_history,2028-07-01,,5.223176891116661,,0.03329662025669481,False,-0.038300780931301404,5.2355769205222185,-0.03942307947778101,0.03339321860358021,5.261477672047962,-0.041767297772702605,0.033594989881586615,5.303244969820665,-0.045547561193664876,0.033920364264723564,severely_adverse
"Local synthetic portfolio (25,000 loans)",production_full_history,full_available_history,2028-08-01,,5.2111298664779175,,0.033202771877233,False,-0.03721043204588703,5.223176891116661,-0.038300780931301404,0.03329662025669481,5.248340298523805,-0.04057826388185415,0.033492647498085414,5.288918562405659,-0.04425091054129293,0.03380875910413611,severely_adverse
"Local synthetic portfolio (25,000 loans)",production_full_history,full_available_history,2028-09-01,,5.199425797245514,,0.03311159517896036,False,-0.036151123276704666,5.2111298664779175,-0.03721043204588703,0.033202771877233,5.2355769205222185,-0.03942307947778101,0.03339321860358021,5.2749999999999995,-0.04299117301599775,0.03370033112582782,severely_adverse
"Local synthetic portfolio (25,000 loans)",production_full_history,full_available_history,2028-10-01,,5.188054920144761,,0.03302301410429956,False,-0.03512197097189951,5.199425797245514,-0.036151123276704666,0.03311159517896036,5.223176891116661,-0.038300780931301404,0.03329662025669481,5.261477672047962,-0.041767297772702605,0.033594989881586615,severely_adverse
"Local synthetic portfolio (25,000 loans)",production_full_history,full_available_history,2028-11-01,,5.177007749842447,,0.03293695476088488,False,-0.03412211663547016,5.188054920144761,-0.03512197097189951,0.03302301410429956,5.2111298664779175,-0.03721043204588703,0.033202771877233,5.248340298523805,-0.04057826388185415,0.033492647498085414,severely_adverse
"Local synthetic portfolio (25,000 loans)",production_full_history,full_available_history,2028-12-01,,5.166275071034386,,0.03285334535992281,False,-0.03315072621112769,5.177007749842447,-0.03412211663547016,0.03293695476088488,5.199425797245514,-0.036151123276704666,0.03311159517896036,5.2355769205222185,-0.03942307947778101,0.03339321860358021,severely_adverse
